timestamp totalIteration totalTime residual transformationUpdateNorm nbMatches
0.12928500000000001 4 28.566999435424805 23.471639633178711 2.0008109500692894 3399
0.22884499999999999 6 53.777000427246094 24.68968391418457 2.0036558517956089 3327
0.32832919999999999 4 34.143001556396484 25.671979904174805 2.0001585233391412 3177
0.42916149999999997 4 39.687999725341797 25.032236099243164 2.0000754785749004 3315
0.52874149999999998 3 18.465999603271484 27.766017913818359 2.0000185261294496 3242
0.62827650000000002 3 24.496000289916992 30.960559844970703 2.0000210019180891 3197
0.72909800000000002 3 17.96299934387207 32.855335235595703 2.0001100700955865 3094
0.82866870000000004 4 37.053001403808594 33.0570068359375 2.0000291967718522 3076
0.92815320000000001 4 45.924999237060547 34.704010009765625 2.0000862723042916 3069
1.0290648 4 36.076999664306641 34.975311279296875 2.0000512295169655 3077
1.1285612 4 38.168998718261719 34.434444427490234 2.0000589752557012 2998
1.2294327 4 46.094001770019531 19.233081817626953 2.0000142307878304 3466
1.3289656000000001 4 42.633998870849609 21.671483993530273 2.0000050128724021 3447
1.4284889000000001 4 38.430000305175781 24.052661895751953 2.0000616820751302 3387
1.5293627999999999 3 37.535999298095703 25.567926406860352 2.0000069662295079 3335
1.6289345 4 44.198001861572266 24.2413330078125 2.000206126406217 3358
1.7284168 4 41.150001525878906 25.546409606933594 2.0002983769612497 3258
1.8293168 4 33.403999328613281 22.846593856811523 2.0000507035805404 3253
1.9288417 4 35.437000274658203 23.794321060180664 2.0000280227481277 3281
2.0297073000000001 5 44.212001800537109 25.108222961425781 2.0007730359769909 3208
2.1292024999999999 4 50.174999237060547 26.227058410644531 2.0000486788236231 3154
2.2287317999999998 4 29.26099967956543 27.451648712158203 2.0000591640369212 3208
2.3282696000000001 4 39.509998321533203 19.256708145141602 2.000008801870607 3544
2.4291564000000001 4 38.134998321533203 21.903860092163086 2.0000082260459342 3557
2.5286495000000002 4 34.775001525878906 22.681941986083984 2.0000187685199609 3398
2.6295658999999998 3 28.548999786376953 23.779424667358398 2.0000217332147878 3392
2.7290412000000002 3 24.608999252319336 23.727323532104492 2.0000302770018079 3432
2.8286300999999998 6 53.387001037597656 25.315570831298828 2.0000206275190848 3330
2.9294888000000001 4 47.629001617431641 23.423618316650391 2.0000629531579692 3333
3.0290032999999998 3 31.596000671386719 24.223155975341797 2.0000023233639275 3312
3.1285473000000001 3 40.405998229980469 24.82807731628418 2.0000005092431139 3344
3.2294189000000002 4 41.113998413085938 24.932046890258789 2.0000395924225236 3331
3.3289323999999998 4 49.582000732421875 24.172639846801758 2.000108980475825 3406
3.4284848000000001 4 38.611000061035156 24.590648651123047 2.0000057206484634 3371
3.5293271000000002 4 32.909000396728516 26.616048812866211 2.0000703741554435 3375
3.6288646999999998 3 32.665000915527344 25.494125366210938 2.0000267112170449 3334
3.7296974000000001 5 44.566001892089844 27.169713973999023 2.0000948613471823 3366
3.8292470999999999 4 34.268001556396484 26.734720230102539 2.0000158151890792 3323
3.9287801999999998 4 36.500999450683594 25.983364105224609 2.0000213403281717 3388
4.0295921999999997 4 41.511001586914062 25.105903625488281 2.0000145660044648 3336
4.1291954000000004 6 64.150001525878906 26.693569183349609 2.0001031863555081 3204
4.2286703000000001 4 50.768001556396484 26.782285690307617 2.0000344177937537 3189
4.3295465999999996 3 34.201999664306641 19.162559509277344 2.0000423614998257 3398
4.4291220999999998 3 29.233999252319336 19.535150527954102 2.0000018008923601 3377
4.5286441999999996 4 38.075000762939453 19.647708892822266 2.000025344203586 3326
4.6294785999999997 4 39.147998809814453 21.787029266357422 2.0005312295331832 3245
4.7290068999999999 3 28.336000442504883 22.27250862121582 2.0000227491037399 3302
4.8286144000000002 3 26.416999816894531 21.657155990600586 2.0000054874045876 3265
4.929424 3 34.155998229980469 23.224603652954102 2.0000090776069048 3263
5.0290109000000003 4 32.363998413085938 24.812885284423828 2.0000152350561455 3224
5.1284938999999996 3 29.580999374389648 22.550457000732422 2.0000355023898169 3170
5.2293215999999996 4 41.804000854492188 23.301250457763672 2.000012207018623 3232
5.3288989999999998 4 39.061000823974609 23.423383712768555 2.0000868580775406 3258
5.4297496000000001 4 40.466999053955078 19.123785018920898 2.0000765663724116 3324
5.5291940000000004 3 30.354000091552734 19.641487121582031 2.0000234103080059 3386
5.6288403000000002 4 45.090000152587891 19.163112640380859 2.0000340045108267 3309
5.7283331000000004 4 35.275001525878906 18.878376007080078 2.0000148235000843 3351
5.8291941999999999 5 58.847999572753906 22.333028793334961 2.0000417852609891 3271
5.9287305999999997 4 41.323001861572266 23.109615325927734 2.0001028028158823 3260
6.029617 3 28.004999160766602 23.790090560913086 2.0000155326997038 3253
6.1291257000000003 4 45.222999572753906 23.527105331420898 2.0000220715843597 3231
6.2286089999999996 5 51.597000122070312 24.748907089233398 2.0000219889155728 3194
6.3295170000000001 5 47.407001495361328 23.165073394775391 2.0001668360785052 3271
6.4290849000000003 4 43.250999450683594 24.252573013305664 2.0000199406286119 3229
6.5286013000000001 3 32.504001617431641 19.214752197265625 2.0000212220173315 3340
6.6294614000000003 3 28.815999984741211 20.388961791992188 2.0000071279795684 3332
6.7289596999999999 5 51.886001586914062 21.993001937866211 2.0001337175999696 3225
6.8285326 5 58.485000610351562 23.781148910522461 2.0000953821629723 3239
6.9293335999999996 5 61.054000854492188 22.313976287841797 2.0001146245755357 3275
7.0289283999999999 4 47.654998779296875 21.026042938232422 2.0000489444563168 3204
7.1284562999999999 3 24.778999328613281 21.41436767578125 2.0000467932974395 3200
7.2292953999999998 4 36.944999694824219 20.878501892089844 2.0001888576473243 3175
7.3288270000000004 3 31.577999114990234 21.901971817016602 2.0000400047190574 3249
7.4283925999999996 3 34.895999908447266 22.484333038330078 2.0000022346779787 3223
7.5292212000000003 4 40.61199951171875 18.05217170715332 2.0000102068591428 3342
7.6288062999999999 4 39.672000885009766 18.770656585693359 2.0000868798527782 3297
7.7282497000000001 4 42.990001678466797 21.661153793334961 2.0001813499514016 3249
7.829167 4 43.941001892089844 21.312583923339844 2.000047619816387 3269
7.9286820000000002 4 52.435001373291016 22.3428955078125 2.0000301237649127 3291
8.0295501999999992 4 43.630001068115234 23.176799774169922 2.0001891300932582 3280
8.1290782999999998 5 51.150001525878906 21.641469955444336 2.0002852756356222 3131
8.2285939999999993 4 37.323001861572266 20.07463264465332 2.0000402445787899 3240
8.3294745999999993 4 36.201999664306641 23.415046691894531 2.0000306591946417 3245
8.4290382000000008 5 45.200000762939453 23.984453201293945 2.0004230325500174 3189
8.5285188000000005 4 51.326000213623047 23.248327255249023 2.0000753330888412 3181
8.6294152000000004 3 34.068000793457031 17.823461532592773 2.0000264238160725 3357
8.7289039000000006 3 38.307998657226562 20.528072357177734 2.0000191729196848 3357
8.8298015000000003 4 48.351001739501953 22.195287704467773 2.0000375138395947 3299
8.9293127999999999 4 47.953998565673828 21.71429443359375 2.0000165311510618 3196
9.0288301999999998 5 37.195999145507812 22.067960739135742 2.0000376941842224 3235
9.1297122000000002 4 39.436000823974609 22.166732788085938 2.000050055216374 3211
9.2292520000000007 4 34.939998626708984 22.486200332641602 2.0000190190257423 3177
9.3288094000000008 4 38.547000885009766 22.774848937988281 2.0000054653447106 3145
9.4283453000000002 6 63.483001708984375 22.676399230957031 2.0000834628785262 3184
9.5291558999999992 4 53.300998687744141 23.834905624389648 2.0000445099656687 3098
9.6286915999999998 3 32.773998260498047 22.264884948730469 2.0000038185223463 3133
9.7295537999999997 4 31.422000885009766 18.288898468017578 2.0000327378170017 3245
9.8291441000000006 3 38.258998870849609 19.326410293579102 2.0000862479507178 3269
9.9286372000000007 3 27.704999923706055 21.224868774414062 2.0000639931889941 3260
10.0294749 3 32.332000732421875 21.366739273071289 2.0000303739744023 3230
10.129024899999999 4 54.034000396728516 22.701602935791016 2.0000092692742593 3186
10.2285422 5 53.273998260498047 21.309688568115234 2.0002406543011211 3119
10.3281034 3 40.465000152587891 22.212821960449219 2.0000927417775469 3180
10.428993800000001 3 27.459999084472656 22.890361785888672 2.0000652167812305 3242
10.528498300000001 3 32.882999420166016 22.722978591918945 2.0000000258267647 3180
10.6293057 5 47.643001556396484 22.157505035400391 2.0000821481132376 3181
10.7288882 4 45.099998474121094 21.835248947143555 2.0000206627898263 3092
10.829708699999999 3 30.902000427246094 18.969638824462891 2.0000858964092596 3335
10.929257099999999 3 30.313999176025391 18.965682983398438 2.0000191682839366 3313
11.028823300000001 4 39.862998962402344 19.376049041748047 2.0001413312558212 3179
11.129664099999999 4 33.969001770019531 20.722158432006836 2.0002385501902653 3206
11.2291972 4 50.485000610351562 20.012838363647461 2.000083729628896 3216
11.328717599999999 3 35.938999176025391 20.533241271972656 2.0001147662047867 3261
11.429662799999999 3 28.684999465942383 20.248348236083984 2.0000266796348334 3259
11.529082900000001 4 29.150999069213867 20.825746536254883 2.0000254549831578 3199
11.628650800000001 3 31.548999786376953 21.943866729736328 2.0000067664910182 3240
11.729545699999999 3 37.9739990234375 22.891019821166992 2.000012810951405 3234
11.8290931 3 35.352001190185547 22.434610366821289 2.0001402688401231 3210
11.928554699999999 3 44.286998748779297 20.360630035400391 2.0000252376041123 3269
12.028099900000001 3 31.742000579833984 21.053379058837891 2.0000262488200837 3280
12.1289984 3 38.613998413085938 21.139747619628906 2.0000054737574038 3353
12.2285077 3 32.548999786376953 20.736232757568359 2.0000058761218034 3261
12.3293544 3 37.890998840332031 21.339729309082031 2.0000236762297443 3220
12.428922999999999 3 26.96299934387207 21.555900573730469 2.0000031212709928 3142
12.5284554 3 29.78700065612793 20.404914855957031 2.0000015015849391 3161
12.629289500000001 4 45.334999084472656 22.089214324951172 2.000058834536155 3224
12.7288321 3 34.216999053955078 22.366836547851562 2.0000953125851764 3189
12.828372399999999 3 28.047000885009766 22.2064208984375 2.0000755359584543 3136
12.929195999999999 4 35.178001403808594 18.254976272583008 2.000014657988848 3284
13.0287937 4 51.285999298095703 19.724475860595703 2.000004366439887 3237
13.129632600000001 4 46.319999694824219 19.549808502197266 2.0000202171331236 3196
13.2291402 4 51.852001190185547 18.999410629272461 2.0000374380969803 3217
13.328672299999999 3 31.25200080871582 20.06617546081543 2.0000469900339435 3203
13.4295794 4 48.615001678466797 19.757425308227539 2.0000174146616074 3189
13.529093400000001 3 37.498001098632812 20.037261962890625 2.0000593003332399 3150
13.6285817 5 52.176998138427734 21.255321502685547 2.0002631492722411 3145
13.729500399999999 3 30.944000244140625 21.729389190673828 2.0000041740634904 3150
13.8290106 3 34.972999572753906 22.05345344543457 2.0000199989032028 3159
13.928523200000001 4 36.032001495361328 22.512399673461914 2.0000060771550934 3149
14.02938 4 46.826999664306641 19.857887268066406 2.0000673721140498 3175
14.1289345 4 49.442001342773438 19.067855834960938 2.0001003545575391 3208
14.228463100000001 3 30.568000793457031 19.997325897216797 2.0000480924133885 3176
14.329352 3 37.520999908447266 22.616472244262695 2.0000020743844691 3166
14.4288668 4 42.411998748779297 22.675825119018555 2.0001831502998382 3185
14.528392500000001 7 72.371002197265625 22.56141471862793 2.0001281237842004 3076
14.629262600000001 4 47.910999298095703 21.454751968383789 2.0000403582931181 3125
14.7287771 4 43.791000366210938 22.716012954711914 2.0000398917025506 3141
14.8296265 8 97.662002563476562 23.061134338378906 2.0000650698724365 3092
14.929198899999999 3 44.368000030517578 22.610515594482422 2.0000575851484625 3077
15.0287177 4 39.558998107910156 23.010946273803711 2.0000566001951929 3084
15.129538699999999 3 33.909000396728516 15.988954544067383 2.0000257529673049 3234
15.2291147 6 74.691001892089844 20.484058380126953 2.0002726215956952 3157
15.3286234 7 78.371002197265625 21.595993041992188 2.0006920537506212 3173
15.4294788 4 48.347000122070312 21.321653366088867 2.0000376321575386 3130
15.529035199999999 6 61.783000946044922 23.160802841186523 2.0001476078584615 3184
15.62861 4 56.506999969482422 24.425182342529297 2.0000312069905362 3139
15.7294158 4 42.988998413085938 25.687454223632812 2.0005258600519165 3168
15.828936199999999 4 42.171001434326172 24.304794311523438 2.0000207426373788 3075
15.9284994 4 40.981998443603516 22.767217636108398 2.000010160423257 3155
16.0293423 4 52.915000915527344 23.075881958007812 2.0000346909348723 3020
16.1289181 7 79.674003601074219 23.555564880371094 2.00006197884943 3069
16.228405599999999 4 55.067001342773438 17.912914276123047 2.0000306908458567 3115
16.3292769 4 40.069000244140625 20.013959884643555 2.0000144647640541 3193
16.428823600000001 4 50.125999450683594 20.528816223144531 2.0000139433015414 3151
16.5296804 7 74.198997497558594 22.98066520690918 2.000054056047273 3151
16.629232500000001 3 37.202999114990234 21.83586311340332 2.0000075897760317 3180
16.728732300000001 4 51.731998443603516 22.975915908813477 2.0000901016465171 3137
16.829583800000002 4 38.051998138427734 23.527896881103516 2.0000288132308794 3149
16.929141699999999 5 47.851001739501953 23.508312225341797 2.000159135229342 3141
17.0286933 6 57.319999694824219 23.110729217529297 2.0001075529262833 3092
17.1295377 4 49.523998260498047 24.425361633300781 2.0000110491389886 3124
17.229046499999999 4 41.236000061035156 18.085315704345703 2.0001162814018181 3227
17.328620600000001 4 49.104000091552734 20.024070739746094 2.0001411312790105 3261
17.429434199999999 4 47.437000274658203 21.008565902709961 2.0001047619530246 3224
17.529020899999999 3 32.120998382568359 21.372383117675781 2.0000273623764175 3298
17.628527800000001 4 44.251998901367188 22.697282791137695 2.0001299257073577 3243
17.729358300000001 3 35.425998687744141 22.54339599609375 2.0000878284914285 3195
17.8289157 7 72.413002014160156 22.918107986450195 2.0007340000622027 3059
17.928446399999999 4 46.886001586914062 22.325149536132812 2.0000290213344929 3118
18.029339499999999 4 51.694000244140625 24.844295501708984 2.0000272364849412 3124
18.128813900000001 4 48.840000152587891 25.517099380493164 2.000015050657554 3183
18.229701899999998 4 47.810001373291016 19.308055877685547 2.0000019351561802 3254
18.3292161 3 45.988998413085938 21.131381988525391 2.0000260233118365 3204
18.428758800000001 4 48.207000732421875 21.5557861328125 2.0000654401076723 3224
18.528338099999999 3 44.423000335693359 21.978029251098633 2.0000015641998603 3162
18.629132899999998 9 115.80000305175781 23.276735305786133 2.001125025591433 3232
18.728685299999999 4 34.481998443603516 23.880992889404297 2.0000198545517609 3205
18.8295928 3 33.500999450683594 24.432956695556641 2.0000396039710822 3185
18.929082099999999 3 45.366001129150391 23.778512954711914 2.0000833397314599 3175
19.028620400000001 3 36.588001251220703 26.311712265014648 2.0000374005904296 3226
19.1294419 3 34.180000305175781 24.152982711791992 2.0000020283640074 3200
19.228997799999998 4 53.21099853515625 23.96296501159668 2.0000188702248001 3186
19.3285634 3 40.407001495361328 19.585502624511719 2.000010818665789 3296
19.429420100000002 4 43.867000579833984 20.464946746826172 2.0000134134468484 3201
19.528941799999998 4 48.041000366210938 22.399286270141602 2.0001713839077579 3182
19.628486800000001 4 48.188999176025391 23.034786224365234 2.0000361142211598 3238
19.7293102 4 37.794998168945312 23.804450988769531 2.0000463183492458 3248
19.828878499999998 4 51.269001007080078 23.039161682128906 2.0000737051299859 3084
19.929759199999999 4 42.687999725341797 24.826747894287109 2.0002921248949397 3134
20.029283199999998 3 40.221000671386719 24.778039932250977 2.0000046714481061 3100
20.128772600000001 3 52.887001037597656 24.982519149780273 2.0000062345716172 3152
20.2296549 5 59.494998931884766 27.13768196105957 2.0002669901250067 3236
20.3291656 6 74.63800048828125 20.640293121337891 2.0015570445390525 3187
20.4286703 4 45.691001892089844 21.873012542724609 2.0000291786948048 3220
20.5296184 4 50.604000091552734 25.390901565551758 2.0001372663453285 3317
20.629092799999999 4 46.41400146484375 25.234645843505859 2.0001197813384475 3227
20.7286438 14 142.50599670410156 24.466880798339844 2.0006512369208584 3090
20.829531800000002 5 62.542999267578125 26.366727828979492 2.0001815047359943 3212
20.929032500000002 7 82.196998596191406 28.385822296142578 2.0001077845795496 3159
21.028636599999999 5 55.284000396728516 27.356439590454102 2.0000306950916329 3128
21.129413700000001 8 96.781997680664062 25.383472442626953 2.0011518144008034 3145
21.228941599999999 5 56.423000335693359 24.573188781738281 2.0001118896362682 3092
21.328497599999999 3 39.453998565673828 25.689105987548828 2.0000006117542726 3060
21.429363899999998 4 48.569000244140625 19.70720100402832 2.000105606149996 3286
21.528890499999999 4 64.351997375488281 21.363201141357422 2.0000875901978517 3222
21.628430000000002 3 39.004001617431641 21.830223083496094 2.0000836099261599 3092
21.729297800000001 6 79.176002502441406 23.788125991821289 2.0000978823298148 3214
21.828833700000001 4 42.180999755859375 24.878141403198242 2.0000322603021004 3185
21.928365800000002 5 54.138999938964844 23.799583435058594 2.0000966157123563 3142
22.0292329 4 54.886001586914062 23.224409103393555 2.0000396503617552 3113
22.128725200000002 3 41.699001312255859 23.771509170532227 2.0000178119764471 3049
22.229578199999999 4 50.277999877929688 24.406833648681641 2.0000640229181506 3073
22.3291389 3 32.291999816894531 24.980091094970703 2.0000026696187989 3082
22.4286548 4 46.006999969482422 25.984426498413086 2.0002008435237202 3042
22.529512499999999 4 48.347000122070312 20.356132507324219 2.0000068381461964 3272
22.629079999999998 4 58.479999542236328 21.373363494873047 2.0000117148617416 3137
22.728567999999999 3 51.970001220703125 22.6864013671875 2.0000201340165105 3180
22.8294569 4 44.441001892089844 22.593109130859375 2.0000695628618472 3035
22.9290029 3 43.506999969482422 23.3851318359375 2.0000110640237563 3130
23.0285081 3 48.599998474121094 24.046960830688477 2.0000341047093801 3118
23.129383199999999 3 33.558998107910156 22.907278060913086 2.0000197250464935 3081
23.2289201 6 64.904998779296875 22.78594970703125 2.0020082295968988 3054
23.328466599999999 3 41.799999237060547 22.471652984619141 2.0001854135042865 2995
23.4292838 4 40.703998565673828 24.944231033325195 2.0000240788951658 3095
23.528809899999999 4 50.330001831054688 24.938014984130859 2.000009277732532 2985
23.628388099999999 4 54.141998291015625 24.212953567504883 2.0002095604030137 3136
23.729183800000001 4 58.154998779296875 22.382028579711914 2.0000170881978745 3066
23.8287975 4 70.107002258300781 20.893257141113281 2.0000107439118184 3177
23.929616599999999 6 88.258003234863281 22.757055282592773 2.0000860160641114 3229
24.029174000000001 5 70.471000671386719 23.210437774658203 2.0002335152748074 3113
24.128691799999999 5 50.2239990234375 23.724529266357422 2.0001060962628263 3171
24.2295376 3 32.564998626708984 22.322811126708984 2.0000153473180586 3084
24.329128399999998 3 38.36199951171875 22.389623641967773 2.0000019133149398 3170
24.428642400000001 3 39.618000030517578 22.896198272705078 2.0000506495618064 3048
24.5294937 4 63.338001251220703 23.706850051879883 2.0000089760513289 3015
24.629047499999999 4 64.038002014160156 17.441179275512695 2.0000310459766388 3110
24.7298507 3 44.637001037597656 18.364561080932617 2.0001179482210656 3122
24.829441200000002 4 54.645000457763672 19.740633010864258 2.0001162813045918 3088
24.928903200000001 3 39.077999114990234 20.029483795166016 2.0000586950127923 3003
25.029821099999999 4 45.449001312255859 19.565633773803711 2.0000591231825315 2993
25.129316899999999 4 49.041999816894531 20.862445831298828 2.0000450689057239 2922
25.228884399999998 4 48.715000152587891 22.590618133544922 2.0000834496065436 2961
25.3283998 3 43.977001190185547 19.915176391601562 2.0001447911787387 2953
25.429240100000001 3 33.423999786376953 21.450296401977539 2.0000599757927384 2968
25.528808999999999 4 40.506999969482422 21.236715316772461 2.0000202754345953 2890
25.629664300000002 4 48.310001373291016 17.423213958740234 2.0003062545953498 3065
25.729181000000001 4 48.687000274658203 17.001802444458008 2.0000819191483337 3107
25.8287245 3 36.879001617431641 18.903005599975586 2.0000330124617189 3008
25.929528399999999 4 44.51300048828125 20.898994445800781 2.000032757937142 2990
26.0291268 4 55.118000030517578 19.077226638793945 2.0000068680826746 2923
26.128680800000001 4 57.683998107910156 20.542802810668945 2.0001228921004675 2865
26.2281333 4 59.101001739501953 19.063724517822266 2.0000853313413511 2929
26.328990600000001 3 44.548999786376953 19.609830856323242 2.0000405789279081 2919
26.428569700000001 4 50.097999572753906 18.204126358032227 2.0001964613836343 2793
26.528086999999999 3 40.076000213623047 18.363039016723633 2.0001841808342533 2839
26.629003900000001 3 41.735000610351562 21.078268051147461 2.0000662521827342 2734
26.728473300000001 5 56.441001892089844 16.335109710693359 2.0002323136982145 2850
26.829362100000001 4 60.471000671386719 19.902181625366211 2.0000910924976076 2855
26.928909000000001 4 56.780998229980469 17.485193252563477 2.0000921786663883 2760
27.028410600000001 5 54.590999603271484 18.512025833129883 2.0001746284447686 2764
27.129271200000002 4 55.194999694824219 18.469993591308594 2.0000762924694597 2675
27.228854800000001 3 36.506999969482422 18.297679901123047 2.0000059808346871 2723
27.329631200000001 4 48.761001586914062 20.133150100708008 2.0000988212289426 2791
27.429233199999999 4 47.826999664306641 19.187944412231445 2.0000564551441711 2657
27.530088800000001 6 66.367996215820312 17.582244873046875 2.0004381287772421 2624
27.629635 3 45.334999084472656 18.564689636230469 2.0001041377832514 2660
27.729116099999999 4 54.292999267578125 14.051891326904297 2.0001556173022745 2835
27.828710699999998 3 37.080001831054688 16.305694580078125 2.0000037366254126 2680
27.929541700000001 4 44.679000854492188 17.825094223022461 2.0001107025830893 2630
28.029084300000001 5 63.661998748779297 17.573225021362305 2.0001315389387262 2594
28.128586899999998 3 43.094001770019531 18.710966110229492 2.0001165765829048 2565
28.229416799999999 6 46.358001708984375 17.295833587646484 2.0004450977200139 2506
28.329002299999999 4 43.491001129150391 13.619274139404297 2.0000555451882396 2476
28.428531799999998 4 46.136001586914062 15.621431350708008 2.0001785401785179 2408
28.529397199999998 4 52.567001342773438 14.026934623718262 2.0001280070965817 2340
28.628955000000001 3 36.633998870849609 15.661864280700684 2.0001061338107315 2387
28.7284066 3 45.601001739501953 12.368618965148926 2.0000494814408185 2259
28.8279931 4 47.979000091552734 10.213550567626953 2.0001463708812786 2414
28.928838200000001 4 45.779998779296875 9.7344474792480469 2.0000055074482597 2397
29.0283877 3 36.548000335693359 9.9342632293701172 2.0001445396364224 2294
29.129256900000001 4 42.493000030517578 11.302067756652832 2.000522747757711 2142
29.228719900000002 4 39.287998199462891 13.53569507598877 2.0001336827159033 2073
29.329609999999999 4 37.685001373291016 11.618124008178711 2.0000955517017043 2176
29.429081799999999 4 46.819000244140625 10.041016578674316 2.0003337065811322 2014
29.5287124 6 47.782001495361328 11.386642456054688 2.0003975949429389 1935
29.6296064 7 62.345001220703125 10.20234489440918 2.0005181605273994 1796
29.7290548 7 53.948001861572266 8.3348054885864258 2.0029609191328137 1783
29.828636800000002 3 28.531999588012695 5.646636962890625 2.0000070120845921 1837
29.929493600000001 3 28.548000335693359 6.6091475486755371 2.0000430944818346 1783
30.029055700000001 6 49.896999359130859 10.023515701293945 2.0001580580258507 1750
30.129861999999999 5 44.453998565673828 8.8662614822387695 2.0003578729487805 1800
30.229385000000001 4 46.332000732421875 8.2019472122192383 2.0004704338428114 1754
30.328962900000001 3 27.474000930786133 8.1586160659790039 2.0000357630882184 1750
30.428516299999998 4 45.446998596191406 9.0913152694702148 2.0000619413643874 1865
30.529337099999999 3 28.007999420166016 10.19320011138916 2.000070697014726 1843
30.6288935 5 42.222000122070312 9.891749382019043 2.0002065792880641 1839
30.7283811 4 36.050998687744141 10.889181137084961 2.0000800562144514 1814
30.829229999999999 4 38.758998870849609 5.7775721549987793 2.0000125317391313 2112
30.928820300000002 5 51.245998382568359 11.471976280212402 2.0002109759148574 1905
31.028378400000001 3 44.255001068115234 11.846151351928711 2.0000409055023587 2060
31.129169600000001 5 64.388999938964844 10.190786361694336 2.0002914133600393 2086
31.2287325 3 37.694000244140625 11.238787651062012 2.0000319680333041 1895
31.32957 4 41.750999450683594 12.428630828857422 2.000150827196205 2003
31.429153100000001 6 64.475997924804688 11.861306190490723 2.0015527251411793 1942
31.528679799999999 4 42.592998504638672 10.542109489440918 2.0000626094625504 1914
31.629522000000001 4 55.451999664306641 11.266329765319824 2.0003303342664438 1953
31.729043900000001 3 31.726999282836914 11.523368835449219 2.0000731877102051 1897
31.828590999999999 3 34.761001586914062 9.3850555419921875 2.0001095660952313 1854
31.929418699999999 4 48.599998474121094 9.1665048599243164 2.0000501369583983 2162
32.029008500000003 3 36.800998687744141 9.1979398727416992 2.0000931066395067 2079
32.128487 6 64.258003234863281 10.219306945800781 2.0011116522119297 1976
32.229348999999999 3 36.012001037597656 10.34946346282959 2.0000501531905486 1931
32.328892600000003 3 34.956001281738281 12.845267295837402 2.0000639453575864 2049
32.428460299999998 3 30.106000900268555 12.489917755126953 2.0000037070621159 1978
32.5293299 3 34.000999450683594 12.398007392883301 2.0000821334737915 2006
32.628851099999999 6 69.165000915527344 12.348027229309082 2.0001401078994001 1929
32.729658700000002 4 48.303001403808594 11.629841804504395 2.0001087122072643 1884
32.829197499999999 4 49.485000610351562 12.041893005371094 2.0001434765004014 1927
32.928783099999997 3 45.839000701904297 12.719237327575684 2.0000321453347407 1950
33.0296132 3 41.029998779296875 7.003666877746582 2.000105148644209 2087
33.129148600000001 4 42.241001129150391 8.0811729431152344 2.0001361976485823 2011
33.228685499999997 6 67.324996948242188 8.7117958068847656 2.0014636502948173 2023
33.3295332 3 34.979999542236328 9.0289525985717773 2.0000099272589895 2035
33.429096399999999 3 35.805999755859375 8.600102424621582 2.0001918265276051 1999
33.528567899999999 3 39.451000213623047 8.5682611465454102 2.0000260437418698 1921
33.629440199999998 3 46.229999542236328 8.7713499069213867 2.0000485396226546 1921
33.728989499999997 3 40.301998138427734 8.875086784362793 2.0001155187334931 1863
33.828538100000003 3 29.141000747680664 8.9637050628662109 2.000032816018082 1877
33.929414399999999 4 47.367000579833984 9.2085018157958984 2.0002116677675472 1916
34.028904599999997 3 44.208999633789062 10.160423278808594 2.0001665661454173 1902
34.128462499999998 4 46.791999816894531 10.671891212463379 2.000394476087942 1938
34.229294899999999 3 44.229999542236328 10.223440170288086 2.0000145699932417 1921
34.328870899999998 3 28.41200065612793 10.180946350097656 2.0002656552621234 1909
34.429699100000001 4 45.514999389648438 11.521734237670898 2.0001154693873477 1870
34.529222599999997 4 43.238998413085938 10.397472381591797 2.000079328462387 1720
34.630097499999998 3 35.380001068115234 11.088369369506836 2.0001018856054857 1808
34.729610600000001 3 39.696998596191406 10.550509452819824 2.0002702265301866 1758
34.829162699999998 5 62.685001373291016 9.5416049957275391 2.0011905770983449 1810
34.9300219 3 43.404998779296875 12.053390502929688 2.0000212156295865 1827
35.029543099999998 3 29.125 11.722142219543457 2.0001231721960293 1772
35.129058700000002 3 36.513999938964844 5.9691967964172363 2.0000059782541868 1943
35.228614700000001 3 32.224998474121094 6.7473549842834473 2.0000069995605174 1880
35.329473200000002 3 34.46099853515625 7.6773409843444824 2.0000553214650432 1906
35.429054899999997 3 32.217998504638672 7.5418791770935059 2.0000830943640349 1899
35.528499699999998 4 37.256000518798828 8.0493068695068359 2.0004667736559938 1905
35.629406799999998 3 35.428001403808594 9.092442512512207 2.0000055776632952 1916
35.728945899999999 4 31.23699951171875 8.4005146026611328 2.0003120816871314 1817
35.828473199999998 3 31.33799934387207 8.8333892822265625 2.0001275193884505 1808
35.929379599999997 5 49.78900146484375 8.8489923477172852 2.0004212029373569 1847
36.028851199999998 3 24.291000366210938 9.0840072631835938 2.0000285810072569 1753
36.129711499999999 3 40.804000854492188 8.803135871887207 2.0002245812447654 1976
36.229267299999997 5 55.495998382568359 7.1255269050598145 2.0000925117835133 1969
36.3288175 3 43.654998779296875 6.689702033996582 2.0001122011188421 1912
36.428431199999999 3 38.027000427246094 9.0710086822509766 2.0001471922415597 1855
36.529195399999999 4 41.060001373291016 10.559077262878418 2.0002648622448271 1929
36.628675600000001 7 72.199996948242188 9.0259475708007812 2.0013846912279099 1827
36.728238699999999 4 46.153999328613281 8.6196479797363281 2.0001473059735284 1851
36.829180399999998 4 42.127998352050781 10.766725540161133 2.0000894954660948 1862
36.928635300000003 4 49.464000701904297 10.079648971557617 2.0001388748528637 1824
37.029512500000003 5 50.261001586914062 8.7472305297851562 2.0004902746773032 1783
37.129053999999996 4 49.166999816894531 9.0782794952392578 2.0002571155943834 1793
37.228564900000002 4 43.744998931884766 4.7379641532897949 2.0000759885238972 1945
37.328121600000003 3 42.470001220703125 6.11578369140625 2.0000153445201367 1925
37.429044400000002 3 39.316001892089844 7.2500147819519043 2.0000601663161941 1868
37.528503600000001 5 49.180999755859375 6.4901833534240723 2.0004597625269493 1842
37.629350799999997 4 49.254001617431641 6.4517226219177246 2.0003472315874133 1857
37.728867899999997 4 38.248001098632812 6.6765532493591309 2.0000960799548984 1790
37.828398399999998 7 68.295997619628906 7.8242459297180176 2.0006474146962416 1761
37.929286099999999 8 79.675003051757812 9.0055303573608398 2.0007768257487779 1789
38.028854500000001 3 43.986000061035156 7.8764324188232422 2.0000195361997077 1737
38.1296617 8 81.071998596191406 8.4518814086914062 2.0011868109327433 1752
38.229270100000001 5 53.987998962402344 5.1135201454162598 2.0009520184765046 1876
38.328719300000003 3 31.721000671386719 6.8944492340087891 2.0002259957955069 1778
38.429632599999998 3 34.055999755859375 7.4774651527404785 2.0000135180590726 1821
38.529151800000001 7 54.048999786376953 8.3278884887695312 2.0003456818984726 1657
38.628689000000001 13 120.85900115966797 10.414727210998535 2.0010989238109524 1573
38.729514700000003 4 52.618999481201172 9.4677047729492188 2.0001867873972525 1623
38.829087399999999 6 64.125 9.6736583709716797 2.0006359129426423 1558
38.928573999999998 7 73.168998718261719 10.658224105834961 2.0023307222707687 1620
39.029505399999998 4 50.171001434326172 9.8650178909301758 2.0001714564068456 1640
39.128993199999996 5 48.584999084472656 9.612614631652832 2.0002451794297698 1670
39.228513900000003 7 73.797996520996094 9.8484458923339844 2.0008490232102463 1553
39.329372100000001 4 43.870998382568359 4.9523067474365234 2.0001555973535612 1795
39.428901799999998 4 37.655998229980469 6.603297233581543 2.0004279284612618 1765
39.528469700000002 3 29.347000122070312 9.585871696472168 2.0000810071850341 1713
39.6279708 7 79.018997192382812 7.0639781951904297 2.0018003970779197 1685
39.7288517 6 64.271003723144531 6.6892223358154297 2.0011074102890594 1668
39.828396900000001 6 58.351001739501953 7.273190975189209 2.0001457283306006 1698
39.929266800000001 3 32.993999481201172 6.5876522064208984 2.0000415074827482 1668
40.028769599999997 4 43.402000427246094 6.9824137687683105 2.0001030724369855 1648
40.129663100000002 4 56.451999664306641 5.4340434074401855 2.0002181412401958 1661
40.229194100000001 8 73.7760009765625 5.7170472145080566 2.0017102145438073 1639
40.328652499999997 3 36.794998168945312 6.6966047286987305 2.0000439536264643 1681
40.429602000000003 5 59.318000793457031 4.8656730651855469 2.0005526706759764 1816
40.529116299999998 6 60.543998718261719 4.2557711601257324 2.0011645804086551 1776
40.629965400000003 6 74.985000610351562 3.6625661849975586 2.0009886216439114 1714
40.729471799999999 10 122.66999816894531 5.2907676696777344 2.0016460732320134 1632
40.8290316 11 97.468002319335938 7.0893425941467285 2.0052449502401362 1587
40.928555899999999 3 34.425998687744141 7.3703241348266602 2.0001088715268556 1604
41.029452499999998 4 49.020000457763672 8.5998849868774414 2.0000766555982028 1717
41.128931700000003 4 52.513999938964844 6.4709291458129883 2.0002776357706913 1575
41.229764099999997 3 32.174999237060547 7.4072918891906738 2.000040060404193 1568
41.329318200000003 10 104.80300140380859 8.5002584457397461 2.003487180430259 1604
41.428892300000001 4 58.314998626708984 8.4727573394775391 2.0003263421210509 1576
41.528450599999999 10 92.261001586914062 5.4954824447631836 2.0035353616341336 1665
41.6292659 5 58.381999969482422 5.8960962295532227 2.0000869128513723 1625
41.728851200000001 5 52.504001617431641 5.6156039237976074 2.0000779955780064 1602
41.828323300000001 11 103.89600372314453 6.6990599632263184 2.0062852220445424 1645
41.9291646 5 57.636001586914062 6.3104557991027832 2.0004369402220701 1647
42.028753399999999 4 43.25 6.460050106048584 2.0000284071189087 1649
42.129602599999998 8 87.103996276855469 6.1638731956481934 2.0038963730795718 1667
42.229107499999998 7 72.160003662109375 6.1462936401367188 2.0029150054860221 1576
42.328651999999998 3 35.737998962402344 6.3191356658935547 2.0001415849044055 1644
42.428202800000001 3 36.282001495361328 6.0182409286499023 2.0000641244233379 1560
42.5290538 6 60.652000427246094 4.2913756370544434 2.0011098216664145 1727
42.628596000000002 6 89.795997619628906 5.5742321014404297 2.001403324775918 1635
42.729440599999997 7 75.03900146484375 5.5792527198791504 2.0004787759593756 1683
42.828972 7 74.775001525878906 5.9979128837585449 2.000648071682944 1596
42.929849300000001 5 64.751998901367188 7.0309357643127441 2.0010640088966989 1620
43.029334400000003 6 69.543998718261719 6.8518390655517578 2.000692526197771 1595
43.128899199999999 5 50.272998809814453 6.3080320358276367 2.0001618666720975 1551
43.229736899999999 25 207.20700073242188 7.4422259330749512 2.0212812882930238 1485
43.329306699999997 17 152.1510009765625 9.3867893218994141 2.0082891807558627 1516
43.428842699999997 7 73.259002685546875 7.595365047454834 2.0023461819025146 1515
43.528376199999997 15 140.20700073242188 7.8867835998535156 2.0049811959581256 1536
43.629203500000003 7 70.449996948242188 5.9026336669921875 2.001079616414553 1662
43.728711699999998 13 127.24900054931641 7.3087587356567383 2.0061715527095818 1498
43.829643400000002 4 40.147998809814453 6.3793530464172363 2.0001627550826222 1518
43.929153300000003 5 49.396999359130859 7.0103559494018555 2.0001648465019741 1491
44.030015599999999 6 72.424003601074219 7.536168098449707 2.0006222789404613 1486
44.129529900000001 22 205.54899597167969 8.7052001953125 2.0390233021140496 1576
44.229084399999998 10 99.680000305175781 8.307713508605957 2.0020598944445802 1517
44.329949499999998 6 65.385002136230469 7.0951023101806641 2.0022030363892136 1639
44.429480699999999 9 86.510002136230469 8.0983171463012695 2.0044214772423752 1534
44.529023799999997 16 138.79100036621094 7.4513092041015625 2.0069459166990598 1509
44.628519900000001 13 117.75599670410156 7.5734739303588867 2.0010440045234477 1588
44.729364099999998 9 89.002998352050781 3.9374666213989258 2.0006413827574372 1726
44.828969100000002 10 98.855003356933594 4.2831540107727051 2.0073118702066037 1599
44.928456699999998 5 40.578998565673828 6.6057910919189453 2.0003321997620502 1415
45.029352799999998 4 49.284999847412109 6.6946887969970703 2.0005068177549767 1635
45.128802200000003 6 71.856002807617188 7.2462263107299805 2.0014269572488859 1580
45.229683299999998 10 96.772003173828125 5.744804859161377 2.0059306753979733 1498
45.329260300000001 12 112.25099945068359 8.3802213668823242 2.0021686724826444 1463
45.428801200000002 7 67.514999389648438 6.7756752967834473 2.0018255496715129 1563
45.528319500000002 14 128.697998046875 7.5008840560913086 2.0094604942599941 1577
45.629196299999997 6 93.530998229980469 5.8463983535766602 2.0001476721998017 1579
45.728701000000001 6 78.100997924804688 6.1542820930480957 2.0005482719230208 1460
45.828271800000003 9 79.310997009277344 6.9427599906921387 2.0016177400518465 1531
45.929100200000001 7 73.250999450683594 6.8791227340698242 2.0015425241133982 1604
46.028697200000003 3 38.561000823974609 5.7934441566467285 2.0002000674320137 1610
46.1294757 8 83.293998718261719 6.043266773223877 2.0036362458256374 1495
46.229005000000001 11 108.41400146484375 6.9387850761413574 2.0085593365487511 1590
46.3285853 9 79.996002197265625 6.2662529945373535 2.0012683498195694 1545
46.429444500000002 11 90.519996643066406 6.6585311889648438 2.0042937809058516 1603
46.528965399999997 8 84.294998168945312 6.1908173561096191 2.0009920605791827 1580
46.6284682 6 60.738998413085938 7.9002079963684082 2.0005189641773558 1515
46.729294899999999 4 45.179000854492188 6.7220029830932617 2.000626812496793 1599
46.8289215 5 76.649002075195312 5.0612287521362305 2.0003765590020861 1744
46.929733900000002 4 46.061000823974609 6.4658031463623047 2.0001253594018347 1647
47.029283700000001 13 133.79899597167969 5.8832168579101562 2.0025053351469491 1564
47.128821000000002 7 67.913002014160156 6.9732875823974609 2.0032367313566453 1568
47.229680899999998 16 152.531005859375 5.5610861778259277 2.0028772840579281 1570
47.329203999999997 10 94.9219970703125 5.9552841186523438 2.0034076216671481 1501
47.428761600000001 4 68.512001037597656 5.2669410705566406 2.0001807723843674 1497
47.528231499999997 17 165.18499755859375 5.7387232780456543 2.0132554905939739 1421
47.629133799999998 7 71.7239990234375 6.0206484794616699 2.0016622122886365 1570
47.728624000000003 10 86.140998840332031 5.918367862701416 2.0044828009596234 1555
47.829547499999997 20 202.56100463867188 4.9867153167724609 2.0177596434747875 1571
47.929069900000002 6 62.875 6.3103771209716797 2.0023463932498133 1507
48.029930299999997 6 75.176002502441406 6.3960866928100586 2.0003763383291533 1584
48.1294416 6 60.060001373291016 5.7144460678100586 2.0003336004541583 1671
48.228970400000001 4 37.523998260498047 6.0539522171020508 2.0001275163648073 1574
48.328528499999997 20 175.10099792480469 5.793426513671875 2.0106245013643975 1471
48.429358100000002 13 139.96400451660156 6.0542516708374023 2.0012150497573593 1467
48.528871700000003 13 138.08599853515625 6.3798131942749023 2.0049007984283911 1634
48.629803299999999 14 139.57600402832031 5.8153996467590332 2.003655748727013 1518
48.729265400000003 15 158.93499755859375 5.6108088493347168 2.0010791279737501 1482
48.828868499999999 5 62.284999847412109 6.1337180137634277 2.0005807498800792 1503
48.929678600000003 7 86.132003784179688 5.0091915130615234 2.00153272512873 1684
49.029249999999998 4 54.282001495361328 5.9915981292724609 2.0001076743993784 1598
49.128759799999997 5 69.488998413085938 7.5188403129577637 2.0002777937142473 1499
49.2283069 8 94.38800048828125 5.4519720077514648 2.0026222089515051 1608
49.329156500000003 9 97.88800048828125 5.1926875114440918 2.0034181500423855 1621
49.428645799999998 4 41.08599853515625 5.850916862487793 2.0000957956644316 1603
49.529495599999997 5 63.485000610351562 4.9994182586669922 2.0008293567474071 1525
49.629121900000001 29 255.58900451660156 6.0221271514892578 2.046712055950751 1396
49.728669799999999 30 252.84100341796875 5.9439620971679688 2.0234410056339991 1419
49.829477900000001 3 38.316001892089844 6.9233331680297852 2.0000390973441697 1420
49.92897 5 48.764999389648438 7.0122561454772949 2.0001947263496489 1438
50.028501200000001 8 83.726997375488281 5.8706150054931641 2.0007763942227972 1425
50.1280681 4 51.660999298095703 4.5610713958740234 2.0003837874744637 1640
50.228914899999999 3 36.022998809814453 5.5624251365661621 2.0000426052622347 1582
50.329786900000002 8 77.11199951171875 4.2523894309997559 2.0025502567704678 1584
50.4293233 4 48.673999786376953 4.9797964096069336 2.000319631838444 1538
50.528875999999997 4 53.716999053955078 4.9841670989990234 2.0004409332498949 1604
50.629741799999998 5 57.937999725341797 5.4101753234863281 2.0016291221920497 1568
50.729269199999997 15 141.03300476074219 6.1704745292663574 2.0086368748166268 1461
50.828817999999998 5 57.958000183105469 5.4889559745788574 2.0002028459443113 1423
50.928298599999998 16 145.45399475097656 5.3461217880249023 2.003736065026374 1457
51.0291566 6 67.527000427246094 5.3246831893920898 2.000310146899857 1556
51.128685400000002 8 90.410003662109375 4.5294418334960938 2.0080756013851158 1536
51.229528600000002 4 53.144001007080078 5.1787633895874023 2.0001779961544215 1528
51.329110800000002 4 42.477001190185547 4.6236996650695801 2.0001896607265528 1512
51.428646700000002 6 78.211997985839844 4.7217869758605957 2.0001712819466606 1477
51.528208399999997 11 114.73600006103516 6.673431396484375 2.0029294229304817 1490
51.629027499999999 6 65.178001403808594 4.9341044425964355 2.0026322348726513 1474
51.728553900000001 14 126.85299682617188 5.6592645645141602 2.0127955107650752 1419
51.8294274 9 86.571998596191406 5.9500751495361328 2.0062591694171861 1370
51.928952799999998 13 122.27799987792969 5.5714435577392578 2.0085026748856931 1339
52.029830099999998 12 142.29100036621094 5.6812868118286133 2.0009070832454752 1524
52.1293267 5 56.868000030517578 5.8817605972290039 2.0007834605670856 1563
52.228908699999998 6 72.557998657226562 5.7164406776428223 2.0003638263884533 1415
52.3284041 16 177.36199951171875 5.8547883033752441 2.0079741415782855 1608
52.4279601 10 119.75199890136719 5.757504940032959 2.0039916572844949 1496
52.528791599999998 4 35.728000640869141 4.8886227607727051 2.0000718240770889 1491
52.629754200000001 3 39.117000579833984 6.918175220489502 2.0003353325303324 1530
52.729212400000002 15 139.51600646972656 5.8898129463195801 2.0011138975398457 1404
52.830036100000001 10 100.25199890136719 5.6970014572143555 2.0044440997617059 1518
52.929581300000002 4 54.641998291015625 4.863316535949707 2.000032711430253 1437
53.029144199999998 17 161.75700378417969 5.5578222274780273 2.016324959142703 1336
53.128672000000002 7 73.087997436523438 4.1371169090270996 2.0003396974428274 1506
53.228239000000002 10 98.052001953125 5.2834982872009277 2.006776608954433 1514
53.329069500000003 7 66.016998291015625 5.3127059936523438 2.0044772028463256 1547
53.429946999999999 11 115.87100219726562 4.340576171875 2.0046181947439967 1588
53.529445799999998 8 92.68499755859375 5.7081332206726074 2.0031086229207049 1501
53.629016999999997 5 57.556999206542969 5.2742099761962891 2.0002667114507648 1484
53.728503099999998 14 132.57000732421875 5.2179956436157227 2.0053793636892099 1599
53.828071299999998 7 88.457000732421875 5.811983585357666 2.0003374423199758 1441
53.928871299999997 18 168.86900329589844 5.2740697860717773 2.0056379356730494 1483
54.028444399999998 16 155.39399719238281 5.9260344505310059 2.0106059424597262 1495
54.129285500000002 5 68.495002746582031 3.4476447105407715 2.0000099964999545 1618
54.230147299999999 12 117.57199859619141 3.9000275135040283 2.0005344717971183 1641
54.329706799999997 11 106.33499908447266 5.487755298614502 2.0076152426671827 1379
54.429259000000002 13 116.47299957275391 4.8881797790527344 2.0055834654831166 1577
54.528754900000003 9 93.785003662109375 4.6590480804443359 2.0018143168483635 1617
54.628328000000003 4 53.536998748779297 5.6139349937438965 2.0003852590334499 1434
54.727831999999999 24 231.0679931640625 4.7581629753112793 2.0087014913978263 1551
54.828662299999998 8 94.610000610351562 5.7550411224365234 2.0028058049265005 1591
54.929517400000002 4 45.737998962402344 4.9604458808898926 2.000054031132505 1490
55.029167600000001 6 82.043998718261719 6.2141203880310059 2.0039713004074144 1554
55.129953 8 90.2030029296875 4.5277376174926758 2.0037864603786844 1626
55.229465599999997 7 79.444999694824219 5.0198230743408203 2.0009699269406029 1613
55.328926199999998 16 156.29800415039062 5.6223645210266113 2.0166013963927365 1623
55.428515099999998 12 128.80599975585938 5.4669361114501953 2.0055057873754878 1472
55.528096300000001 14 134.97999572753906 5.0627822875976562 2.0113531597301479 1482
55.629007999999999 5 70.521003723144531 4.5480618476867676 2.0002225828548372 1521
55.728442299999998 6 62.490001678466797 4.4405136108398438 2.0004370457791145 1441
55.829300799999999 5 53.256999969482422 5.4617786407470703 2.0010786179896769 1485
55.928839799999999 15 138.61900329589844 5.4189434051513672 2.0090730187038246 1473
56.029744299999997 23 216.35200500488281 4.5819454193115234 2.0226061778993603 1497
56.129247800000002 8 80.355003356933594 5.3607158660888672 2.0013880025601463 1422
56.228791399999999 7 85.680000305175781 5.6341366767883301 2.0014133717701137 1529
56.328288700000002 4 44.409999847412109 4.0376172065734863 2.0001308564963383 1436
56.429192200000003 7 77.362998962402344 4.1976046562194824 2.0029600125978475 1531
56.528693099999998 5 60.75 4.7929587364196777 2.0036111842840389 1494
56.629570399999999 4 42.923000335693359 4.7263889312744141 2.0000159466238099 1436
56.729074900000001 13 127.24199676513672 5.3601598739624023 2.0023474203639933 1492
56.828619099999997 6 64.91400146484375 5.6599359512329102 2.0007680921188693 1523
56.929497099999999 17 171.1929931640625 4.9248666763305664 2.0259572723371453 1429
57.029061499999997 8 91.388999938964844 5.1796846389770508 2.0031532468114253 1432
57.128555400000003 4 52.181999206542969 4.5528202056884766 2.0002064756240916 1376
57.229397400000003 14 143.83200073242188 4.5884346961975098 2.0177267747999403 1517
57.328961499999998 3 45.756000518798828 5.0068755149841309 2.0000188223084185 1483
57.429845 6 73.523002624511719 5.4464731216430664 2.0012073989283499 1374
57.529313899999998 9 88.371002197265625 4.2101383209228516 2.0052928092769617 1490
57.628908799999998 17 166.49299621582031 5.3220453262329102 2.0064362981204602 1560
57.728366999999999 12 126.09799957275391 5.2555408477783203 2.0077626188325279 1468
57.829296499999998 6 69.581001281738281 5.3907127380371094 2.0003343700194236 1464
57.928790499999998 12 132.21699523925781 4.9639158248901367 2.0065916949080997 1457
58.029684199999998 4 54.583000183105469 4.9105405807495117 2.0004848030210876 1522
58.129166699999999 21 193.43499755859375 4.7448015213012695 2.0082699185816253 1317
58.230098599999998 16 140.2969970703125 4.9704394340515137 2.0016959694854131 1371
58.3296098 6 65.099998474121094 3.721545934677124 2.0013935799800149 1386
58.429169799999997 4 48.506999969482422 4.9416389465332031 2.0000428583229506 1388
58.528662799999999 6 62.437999725341797 5.0555920600891113 2.0007599433945984 1403
58.628210699999997 4 43.092998504638672 4.510831356048584 2.000166940092948 1366
58.729038099999997 18 185.58099365234375 4.9241528511047363 2.0255968554868171 1459
58.829902799999999 18 158.2969970703125 5.4277477264404297 2.0150147647299641 1413
58.929453500000001 14 132.52999877929688 5.5038833618164062 2.0165573610968077 1456
59.028997099999998 7 76.000999450683594 4.2909221649169922 2.0033498193109258 1357
59.129854799999997 3 37.638999938964844 5.1128334999084473 2.000140389597405 1439
59.229367600000003 3 40.287998199462891 5.5129213333129883 2.0003133134638746 1359
59.328898600000002 4 57.069000244140625 4.5242462158203125 2.0001320443280526 1560
59.428487400000002 8 68.962997436523438 4.9766030311584473 2.0016485073772392 1507
59.529274600000001 8 82.052001953125 4.9315505027770996 2.001210358160264 1523
59.630164800000003 9 83.237998962402344 5.8042106628417969 2.0030262327724886 1424
59.729698800000001 10 93.855003356933594 4.7713103294372559 2.0067906751960241 1404
59.8292693 4 64.250999450683594 4.4285273551940918 2.0003499810150545 1394
59.928781399999998 11 106.77400207519531 5.0255894660949707 2.0086999783773329 1401
60.028294699999996 22 194.56300354003906 4.4423246383666992 2.022204328209078 1376
60.129169599999997 13 130.12699890136719 5.3096256256103516 2.0038011229445161 1461
60.228702200000001 12 113.49199676513672 4.9161853790283203 2.0065291606079683 1316
60.328227900000002 5 62.778999328613281 5.1635551452636719 2.0010988440317754 1377
60.429106900000001 7 75.818000793457031 4.5178232192993164 2.0021635197655652 1450
60.528631599999997 6 73.832000732421875 4.0713725090026855 2.0006134720039266 1390
60.629531800000002 14 138.96400451660156 4.1608266830444336 2.0176180712929712 1453
60.728986399999997 9 80.339996337890625 4.0444869995117188 2.0054583658438863 1457
60.828553300000003 14 124.49500274658203 4.2864084243774414 2.0076331794610507 1353
60.928105700000003 22 217.3280029296875 4.0390419960021973 2.0472685817573759 1314
61.028919100000003 4 39.648998260498047 3.6304447650909424 2.000076128693832 1271
61.128472899999998 13 130.87399291992188 3.6158237457275391 2.0099701452779124 1348
61.229297099999997 7 76.685997009277344 4.2577176094055176 2.0022493291404833 1347
61.328890000000001 6 60.241001129150391 4.1256122589111328 2.0017722357063334 1284
61.429689500000002 16 147.05400085449219 4.0265674591064453 2.0060825600111749 1369
61.529217899999999 10 95.317001342773438 4.4504680633544922 2.001322163620868 1323
61.6287977 9 105.51000213623047 4.0534443855285645 2.0087808945916343 1382
61.7283069 5 44.330001831054688 3.909714937210083 2.0003041271282487 1327
61.8291775 6 67.9530029296875 4.8938007354736328 2.0002149835130716 1336
61.928709599999998 4 73.878997802734375 3.9635159969329834 2.0000649493866138 1402
62.029590300000002 5 56.818000793457031 3.9911797046661377 2.0002877752968669 1386
62.1291224 20 186.50199890136719 4.1847724914550781 2.0070383726804271 1327
62.229952500000003 10 107.39600372314453 4.0813465118408203 2.003131533723078 1390
62.329534700000004 16 144.22300720214844 4.3541059494018555 2.0088909104793919 1305
62.4290649 8 71.837997436523438 4.5874466896057129 2.0018549753454367 1335
62.528531200000003 9 83.747001647949219 4.2150616645812988 2.0006555307079803 1302
62.628086199999998 21 199.97999572753906 4.1605587005615234 2.0059795204521729 1383
62.728994299999997 4 51.435001373291016 4.2591257095336914 2.0004287107120495 1357
62.828522800000002 11 122.34700012207031 4.8203215599060059 2.0083298572476993 1265
62.929333800000002 16 149.66000366210938 4.3952383995056152 2.0257379452965512 1332
63.028921699999998 7 78.202003479003906 4.5327587127685547 2.0001284999209417 1265
63.1297304 30 270.54098510742188 4.3254785537719727 2.0174255979074793 1270
63.229303999999999 11 98.596000671386719 4.3659286499023438 2.0050674144825811 1241
63.328805799999998 14 120.21700286865234 4.3849916458129883 2.0147047789706982 1271
63.428374400000003 4 51.587001800537109 4.1763710975646973 2.0003777454843332 1286
63.529218299999997 9 119.83799743652344 4.079747200012207 2.0017918040513156 1484
63.630049800000002 14 131.02400207519531 3.6896598339080811 2.0022423976922159 1481
63.729567199999998 7 68.657997131347656 2.8181734085083008 2.0004110312735399 1469
63.829057400000003 7 65.0780029296875 4.3086700439453125 2.0004835191487635 1458
63.928665299999999 18 176.68099975585938 3.2149448394775391 2.0104332118355055 1432
64.029550700000001 17 143.63900756835938 4.0327568054199219 2.0023728175437392 1212
64.129076100000006 11 117.89199829101562 4.5688667297363281 2.0099278520167347 1296
64.228612100000007 15 130.21299743652344 4.4586868286132812 2.0058512394459149 1363
64.329461699999996 5 62.259998321533203 5.1285080909729004 2.0018795792356934 1262
64.4290029 12 123.08799743652344 4.0136165618896484 2.004710959247717 1337
64.529847799999999 12 135.80999755859375 4.0077400207519531 2.0064131779033016 1377
64.629343399999996 5 57.324001312255859 3.8719689846038818 2.0011507993479016 1400
64.728932799999995 6 70.369003295898438 4.8094320297241211 2.0011783944854491 1381
64.828443399999998 4 42.352001190185547 5.2200312614440918 2.0007240425202713 1266
64.927989400000001 9 98.347999572753906 4.4278292655944824 2.0020506396739695 1451
65.028833500000005 9 95.271003723144531 3.5863132476806641 2.0009889263389709 1450
65.128413300000005 19 172.63400268554688 4.4415950775146484 2.0246341336232843 1383
65.229236700000001 6 96.899002075195312 4.4622645378112793 2.0023182668995561 1422
65.328760799999998 6 71.9219970703125 4.1703109741210938 2.0006834445466035 1349
65.429627999999994 19 189.66600036621094 4.9328446388244629 2.0294868889605682 1353
65.529178799999997 10 97.711997985839844 3.6197702884674072 2.0052704430483552 1310
65.628680799999998 3 36.125 4.4063858985900879 2.0002757926281625 1402
65.728201299999995 11 111.55100250244141 4.3270564079284668 2.0023673635240442 1389
65.829099799999995 8 85.693000793457031 4.0556344985961914 2.0005447762400865 1411
65.928592300000005 15 149.96000671386719 4.4829273223876953 2.0129731277829377 1332
66.029512499999996 27 253.37899780273438 4.6994752883911133 2.0239953339686592 1384
66.129055199999996 8 83.985000610351562 3.8491253852844238 2.0002565822198082 1281
66.229920800000002 14 134.53300476074219 4.3112335205078125 2.0080855307451757 1389
66.329417399999997 9 82.641998291015625 5.3247056007385254 2.0052725340393476 1337
66.428937300000001 4 56.758998870849609 4.8534345626831055 2.0007914832885465 1231
66.528469200000004 20 178.11300659179688 4.7154607772827148 2.0246422276283731 1280
66.629363900000001 14 142.22200012207031 3.9213333129882812 2.0036059105370714 1476
66.728863099999998 3 43.41400146484375 3.418546199798584 2.0000287521358069 1340
66.8297302 6 70.012001037597656 4.0201125144958496 2.0005035562739715 1388
66.929254 8 93.149002075195312 3.6885581016540527 2.002912605132225 1326
67.028832800000004 12 128.33900451660156 3.4089393615722656 2.0065188185306688 1301
67.128335399999997 9 84.125 3.6305041313171387 2.0024946794133762 1317
67.227874200000002 6 73.717002868652344 4.2425246238708496 2.0001962668751392 1315
67.327407699999995 10 90.185997009277344 4.2762579917907715 2.011625679692937 1378
67.428267399999996 3 46.245998382568359 4.5373148918151855 2.0000761239175211 1277
67.529090499999995 7 59.205001831054688 5.0168952941894531 2.001970624186451 1215
67.630006499999993 3 36.632999420166016 2.7362313270568848 2.000074770470806 1455
67.729490900000002 7 80.765998840332031 3.4977865219116211 2.0010030214558419 1384
67.829038299999993 12 109.65699768066406 4.0293173789978027 2.0034601672684409 1278
67.928585200000001 10 105.94400024414062 4.9645967483520508 2.0009531165816794 1262
68.029469599999999 8 80.430999755859375 4.4196286201477051 2.0023920054918074 1390
68.128996799999996 30 267.59698486328125 3.944749116897583 2.0230114308378568 1365
68.2298416 4 49.853000640869141 4.2859482765197754 2.000039304088943 1338
68.329327699999993 4 54.161998748779297 4.3219094276428223 2.0000304069545689 1237
68.428876099999997 18 178.24099731445312 3.8809454441070557 2.0040012388136041 1296
68.529763399999993 19 174.03599548339844 5.1584200859069824 2.0138088393125062 1331
68.629272099999994 12 125.69100189208984 4.2914094924926758 2.0094571453679078 1322
68.728846000000004 7 70.218002319335938 3.5763397216796875 2.0037479653216872 1336
68.828356600000006 21 181.19400024414062 4.3931121826171875 2.0142064677485454 1299
68.929211300000006 6 71.782997131347656 4.5550627708435059 2.0007721898659083 1340
69.028784700000003 7 81.531997680664062 5.5911111831665039 2.0021032789534812 1316
69.129627799999994 14 129.25900268554688 5.3394641876220703 2.0061043800784715 1310
69.229189300000002 30 268.59201049804688 6.1488218307495117 2.0320298273887882 1264
69.329980300000003 3 44.726001739501953 5.6143412590026855 2.000044778870004 1268
69.4294747 12 120.98999786376953 6.5029153823852539 2.0055069487752077 1302
69.530398000000005 3 42.587001800537109 5.3640093803405762 2.0000062396702538 1244
69.629934000000006 11 89.477996826171875 4.6835055351257324 2.0022661797698356 1251
69.729490400000003 4 49.279998779296875 3.1379861831665039 2.0007615680580941 1482
69.829027999999994 9 89.692001342773438 4.0300397872924805 2.0014924648743317 1436
69.928516099999996 15 119.48699951171875 3.8245704174041748 2.0085145427719451 1389
70.0280889 11 96.322998046875 3.7493729591369629 2.0018484857829129 1335
70.128869199999997 7 80.429000854492188 4.3286848068237305 2.002163963245204 1388
70.228480000000005 24 210.98399353027344 4.9704861640930176 2.0198414503081668 1383
70.329297199999999 20 184.59199523925781 4.73345947265625 2.0147160116896448 1320
70.428878900000001 8 92.352996826171875 4.4763145446777344 2.0012662748297934 1388
70.528376199999997 11 96.175003051757812 5.502561092376709 2.0013766813384128 1360
70.629222100000007 13 128.62899780273438 4.7764739990234375 2.0043787190887707 1426
70.728654300000002 6 81.435997009277344 5.5064029693603516 2.0004951271498337 1455
70.828327599999994 9 90.136001586914062 3.7396268844604492 2.0025831019233356 1542
70.929177699999997 5 64.702003479003906 4.2530612945556641 2.0001103183893041 1497
71.0287024 8 78.613998413085938 4.1654248237609863 2.0002589758720193 1291
71.129536799999997 4 59.785999298095703 4.3425431251525879 2.0008455464795643 1585
71.229097499999995 10 129.16400146484375 4.3442120552062988 2.0028962224606115 1510
71.328606699999995 13 119.81500244140625 5.5266628265380859 2.0034843558517812 1419
71.429518799999997 6 67.93499755859375 5.0804495811462402 2.000578395329216 1363
71.528981599999995 13 141.0679931640625 4.2021293640136719 2.0059299524753276 1402
71.628563999999997 8 106.83399963378906 4.349891185760498 2.0007905704711386 1443
71.7294318 9 110.03299713134766 4.5420641899108887 2.0015493737397581 1426
71.828973899999994 7 77.287002563476562 2.5712549686431885 2.0009358590523023 1497
71.929845999999998 22 206.92100524902344 3.0390720367431641 2.019162053680605 1348
72.029321800000005 3 48.777999877929688 3.7225306034088135 2.0001170716537091 1291
72.128849399999993 23 208.98599243164062 5.9591937065124512 2.0144285459494418 1375
72.228429000000006 11 110.9530029296875 4.6741557121276855 2.0035242990578523 1327
72.327947800000004 15 126.48000335693359 4.5658445358276367 2.0117664795316967 1356
72.428843400000005 28 287.697998046875 5.0353274345397949 2.0231663873931991 1435
72.529638399999996 3 35.199001312255859 5.2104644775390625 2.0001905978222556 1347
72.629182499999999 8 81.886001586914062 5.329500675201416 2.0001762763430389 1305
72.730069299999997 4 60.902000427246094 4.1316051483154297 2.0000172850397377 1370
72.829618100000005 5 79.622001647949219 3.647608757019043 2.0001696950647445 1515
72.929139800000002 5 56.53900146484375 4.3211960792541504 2.0006737622750945 1355
73.028653500000004 8 89.143997192382812 6.7000865936279297 2.0013956444495515 1474
73.128131499999995 6 86.406997680664062 4.0177555084228516 2.0007434442827257 1365
73.229038399999993 11 109.68099975585938 4.6365385055541992 2.0022249254887345 1462
73.329909499999999 7 86.821998596191406 5.9581398963928223 2.0004093881250422 1341
73.429427000000004 7 103.83499908447266 4.6935868263244629 2.00017874175935 1383
73.530314300000001 16 221.33700561523438 5.2993998527526855 2.0093095295990762 1390
73.629823299999998 3 40.930000305175781 5.2357702255249023 2.0000498751551272 1399
73.729307300000002 6 66.644996643066406 4.8605184555053711 2.0010291162438838 1252
73.828928599999998 4 56.035999298095703 5.7353377342224121 2.0005972570260351 1382
73.929761600000006 18 247.00700378417969 3.5822641849517822 2.0068616497738523 1482
74.029316100000003 7 128.64999389648438 4.8458623886108398 2.0000622859402801 1261
74.130158600000001 19 230.88299560546875 4.6851558685302734 2.0150542995747904 1349
74.229696399999995 5 61.393001556396484 6.2919173240661621 2.0001295242584929 1382
74.329224300000007 6 71.179000854492188 5.2060108184814453 2.0013083458623027 1309
74.428732499999995 3 54.980998992919922 5.2761950492858887 2.0000918597253605 1422
74.528263199999998 9 124.40299987792969 5.2772369384765625 2.0063961055574269 1432
74.629163399999996 8 108.72000122070312 5.3665947914123535 2.0001003169465204 1431
74.728679799999995 16 179.54600524902344 4.9044408798217773 2.0194640355373523 1223
74.829569199999995 16 190.37800598144531 6.336982250213623 2.0248041818305227 1378
74.929054899999997 19 200.00100708007812 4.3438053131103516 2.0152564912622264 1352
75.029915700000004 11 135.27099609375 4.8635621070861816 2.0036719326045178 1462
75.129471899999999 19 194.52799987792969 4.7406067848205566 2.0032755149513628 1428
75.229032700000005 5 57.930000305175781 4.2769041061401367 2.0003166058058888 1381
75.328539500000005 5 62.988998413085938 4.8004307746887207 2.0005271048807658 1413
75.429370300000002 12 117.3489990234375 6.675506591796875 2.009119030551056 1380
75.530232600000005 21 216.55799865722656 7.8052535057067871 2.0101524280009895 1403
75.629822200000007 9 103.48400115966797 7.0789880752563477 2.0013735375396684 1456
75.730609099999995 5 63.965000152587891 6.2506856918334961 2.000031841706241 1478
75.830211300000002 17 172.14300537109375 5.0010199546813965 2.0144662484540508 1451
75.929720500000002 6 69.884002685546875 6.0642194747924805 2.0024299655913085 1378
76.029231199999998 8 88.853996276855469 5.7996048927307129 2.0009735784594596 1463
76.128738499999997 6 97.108001708984375 3.9905211925506592 2.0015506985820859 1590
76.228274499999998 22 213.82499694824219 5.845250129699707 2.0108148084103576 1555
76.329158399999997 18 219.78500366210938 4.9939723014831543 2.0024543459228106 1402
76.428694399999998 7 84.125 6.2193241119384766 2.0000571812421977 1491
76.529559300000003 17 195.19400024414062 5.7902898788452148 2.0285525250660346 1546
76.629090199999993 10 115.46700286865234 4.7140059471130371 2.000428714031357 1543
76.728614500000006 4 51.527999877929688 6.5098061561584473 2.0000481026900334 1473
76.828194300000007 4 66.436996459960938 5.9566497802734375 2.0005946050318473 1524
76.929027199999993 12 144.33999633789062 6.3777203559875488 2.0029412006029497 1525
77.028526400000004 9 104.67800140380859 6.3017425537109375 2.0022872586319496 1448
77.129390400000005 4 67.155998229980469 2.8857989311218262 2.0000867053989606 1632
77.2289545 6 91.214996337890625 5.5357685089111328 2.0021717475644953 1671
77.329777399999998 9 116.36599731445312 4.6308236122131348 2.0057708605796583 1602
77.429343599999996 9 119.02100372314453 6.7077054977416992 2.0090032598777587 1533
77.528847799999994 9 99.5469970703125 5.8987822532653809 2.0011556086296065 1457
77.628414300000003 9 122.5 4.7919645309448242 2.0071416926406895 1506
77.729213400000006 7 104.70500183105469 5.7078232765197754 2.0016874873288297 1557
77.828814199999997 5 60.498001098632812 5.4316987991333008 2.0002031446145212 1484
77.929639499999993 8 92.420997619628906 5.7469744682312012 2.0003794658365681 1463
78.029156099999994 7 90.079002380371094 5.370915412902832 2.0025312068275336 1475
78.128750699999998 5 65.882003784179688 5.2575540542602539 2.002710080190556 1384
78.229561899999993 5 87.420997619628906 4.6450176239013672 2.0014405932905288 1552
78.329099299999996 6 74.162002563476562 7.2480010986328125 2.0014308557989007 1512
78.428672000000006 10 119.34799957275391 5.0895004272460938 2.0083603822058489 1515
78.528164099999998 4 58.525001525878906 5.2644877433776855 2.000283078163688 1573
78.629057299999999 16 149.83099365234375 4.5017533302307129 2.0111520836635477 1534
78.728539600000005 9 116.22200012207031 5.7701587677001953 2.0022230176416747 1475
78.829459299999996 6 82.079002380371094 8.2885284423828125 2.0006357174154505 1514
78.928976199999994 8 93.972999572753906 8.4097166061401367 2.0026210182009541 1535
79.028468500000002 20 206.72300720214844 6.8596301078796387 2.0231961533305935 1441
79.129367700000003 19 207.42799377441406 6.7629032135009766 2.0192267381251541 1483
79.228877199999999 27 278.87200927734375 6.4686055183410645 2.0228524632969678 1406
79.329740700000002 16 193.83700561523438 7.9306650161743164 2.0173874199410431 1620
79.429317600000005 10 113.42900085449219 8.7404947280883789 2.0072937646182267 1551
79.528838800000003 10 148.12300109863281 11.195073127746582 2.0009582409536097 1495
79.6297146 12 151.81700134277344 6.4259700775146484 2.0054927643469478 1564
79.729169299999995 10 133.01800537109375 9.1460437774658203 2.0012307733001768 1445
79.8287598 7 99.325996398925781 10.246490478515625 2.0031586364306184 1368
79.929592499999998 6 91.708999633789062 8.4433403015136719 2.0009285205081331 1478
80.029130600000002 14 186.322998046875 7.5689816474914551 2.0073414701451973 1534
80.128644100000002 20 247.9739990234375 10.644237518310547 2.0241071137038129 1417
80.229511900000006 6 74.175003051757812 10.182718276977539 2.0001449654077148 1492
80.329062100000002 10 121.05500030517578 8.2129802703857422 2.0019799608668492 1443
80.428643399999999 8 118.52400207519531 5.0310201644897461 2.0015419652751985 1700
80.529473899999999 11 113.17400360107422 5.0592880249023438 2.0012159183256117 1579
80.629018400000007 14 167.53799438476562 11.294644355773926 2.0074357542394425 1591
80.729858500000006 10 146.28799438476562 10.052053451538086 2.0052190718929888 1644
80.829373500000003 6 87.134002685546875 7.8159842491149902 2.0031291115976453 1735
80.928925699999994 9 120.37400054931641 11.500547409057617 2.0058851772652075 1619
81.029797200000004 12 131.86399841308594 13.716306686401367 2.0043226898978608 1590
81.129319100000004 21 219.69200134277344 11.370643615722656 2.00981195220551 1579
81.228846700000005 18 244.8489990234375 12.56272029876709 2.0311458651170748 1606
81.328351400000003 10 129.78500366210938 10.88482666015625 2.0004057469441077 1567
81.429261800000006 3 48.092998504638672 3.3660228252410889 2.000047625486963 1842
81.528785799999994 6 113.91200256347656 5.7845897674560547 2.0001660686289502 1782
81.6296696 14 167.54499816894531 5.376924991607666 2.0067328608835142 1523
81.729156599999996 5 76.572998046875 6.7802915573120117 2.0009020123459731 1542
81.828682799999996 6 92.055999755859375 7.7803540229797363 2.0011426327007218 1683
81.9295556 12 155.80900573730469 12.567202568054199 2.0052226897579888 1710
82.029122700000002 4 62.067001342773438 14.835451126098633 2.0001031129358608 1629
82.128627399999999 23 284.07598876953125 7.9827980995178223 2.0142841345951448 1636
82.229466099999996 15 208.2239990234375 9.364964485168457 2.004280583881489 1719
82.328988899999999 10 143.37300109863281 12.768667221069336 2.001762301271738 1701
82.428569899999999 14 169.89700317382812 11.771207809448242 2.0229905806880315 1593
82.529399100000006 9 117.66000366210938 10.138500213623047 2.0007365503916046 1693
82.628966000000005 3 56.136001586914062 8.5856637954711914 2.0000585192554046 1755
82.728458500000002 8 107.33399963378906 5.3026714324951172 2.0006964300821064 1844
82.829370600000004 5 86.273002624511719 9.0744142532348633 2.0004180856517215 1812
82.928872200000001 7 94.786003112792969 6.0476870536804199 2.0015340171874576 1717
83.029732100000004 5 84.779998779296875 7.4614191055297852 2.0014440977473082 1759
83.129282099999998 10 142.54400634765625 7.2339916229248047 2.001744829138818 1764
83.228790900000007 5 78.23699951171875 7.5236043930053711 2.0010251500281879 1727
83.329667200000003 11 171.52900695800781 7.7802600860595703 2.0010946357376866 1641
83.429210999999995 5 68.7760009765625 8.9956626892089844 2.0002483024026789 1587
83.528711900000005 11 158.37399291992188 11.182308197021484 2.0014749010029527 1718
83.628260299999994 4 78.193000793457031 7.3789024353027344 2.0003317537206491 1777
83.729115199999995 12 183.49299621582031 6.4040284156799316 2.0002457048084854 1810
83.8285676 10 140.53399658203125 7.8053593635559082 2.0010926894127072 1703
83.929492100000004 17 244.21200561523438 10.070985794067383 2.0041929998281298 1731
84.029033600000005 10 151.25700378417969 8.7125205993652344 2.0001617325009815 1715
84.1285886 6 89.661003112792969 12.152705192565918 2.0025268477921339 1746
84.229418899999999 6 112.50199890136719 11.380313873291016 2.0009292590632106 1587
84.328968700000004 8 142.18600463867188 6.9968523979187012 2.0004904191945849 1673
84.429867200000004 12 181.32600402832031 7.380338191986084 2.0047810931358971 1727
84.529384800000003 14 208.38299560546875 9.7946176528930664 2.004001097519549 1702
84.628914300000005 9 150.82400512695312 10.45226001739502 2.0005990237455427 1793
84.728403900000004 15 200.7969970703125 6.308563232421875 2.0013911869149439 1739
84.829311500000003 3 64.541000366210938 9.3463945388793945 2.0000646053650133 1753
84.928840500000007 9 151.51800537109375 6.770226001739502 2.0002294587671696 1694
85.0296728 12 153.97300720214844 9.2992172241210938 2.0048301509608031 1697
85.129227299999997 11 142.16700744628906 10.795544624328613 2.0088944658100085 1710
85.228787999999994 8 128.08599853515625 6.3656578063964844 2.0051018395661178 1813
85.3296086 4 86.846000671386719 8.4308805465698242 2.000100824843968 1693
85.429181700000001 6 103.38200378417969 5.6527156829833984 2.0003444085056987 1708
85.528676700000005 3 57.387001037597656 8.086003303527832 2.0001232888642373 1754
85.628243299999994 5 92.497001647949219 6.6352505683898926 2.000399635146803 1718
85.729073 4 68.124000549316406 3.4334216117858887 2.0001084670418123 1839
85.828625299999999 4 76.946998596191406 3.9700117111206055 2.0002780463453047 1899
85.929444899999993 8 108.43499755859375 4.1919717788696289 2.0046510704071365 1557
86.0290052 7 100.98100280761719 6.4886016845703125 2.0001849043336128 1705
86.128511099999997 4 70.872001647949219 7.4797191619873047 2.0003030527198487 1852
86.229394799999994 9 139.35200500488281 7.3928546905517578 2.0006789751194729 1865
86.328936200000001 11 159.60699462890625 7.9314885139465332 2.0034066658434453 1793
86.4285177 4 70.263999938964844 8.3902311325073242 2.000772107979254 1848
86.529303499999997 4 72.266998291015625 9.2252845764160156 2.0003380420027819 1811
86.628868699999998 10 167.84599304199219 13.567815780639648 2.004820752883147 1699
86.729688800000005 9 132.15899658203125 10.801057815551758 2.0003477322795513 1725
86.829275300000006 11 182.45799255371094 11.313668251037598 2.0014902512971418 1758
86.928715400000002 3 56.647998809814453 10.719626426696777 2.0002695828726318 1803
87.029646999999997 5 79.050003051757812 10.592890739440918 2.0003561882858101 1785
87.129150499999994 6 91.609001159667969 6.0046520233154297 2.0014991281700145 1618
87.228706299999999 10 145.5780029296875 8.5786027908325195 2.0004312513716642 1623
87.328251499999993 11 130.99000549316406 15.068729400634766 2.001159334132756 1712
87.429095399999994 4 60.641998291015625 13.171857833862305 2.0003665139560125 1699
87.528612800000005 9 124.34799957275391 14.425599098205566 2.0069033230056719 1740
87.629469999999998 13 164.63699340820312 6.7173061370849609 2.0010142519657612 1661
87.7290536 5 90.111000061035156 8.665614128112793 2.001102933302398 1750
87.828588199999999 6 93.300003051757812 4.9764328002929688 2.0002743444911788 1889
87.929418200000001 12 185.36300659179688 7.5118494033813477 2.0057728050338954 1890
88.028965099999994 9 145.04499816894531 6.4790987968444824 2.0010727544491251 1883
88.128501600000007 6 92.191001892089844 6.9694356918334961 2.0016255457043437 1815
88.229371200000003 10 142.79499816894531 8.0574111938476562 2.0054345958679454 1838
88.328884299999999 10 160.83700561523438 10.096678733825684 2.0067920487497943 1803
88.429764399999996 5 80.832000732421875 9.7743129730224609 2.0006578476426369 1752
88.529280299999996 8 133.31300354003906 10.808173179626465 2.0045940639528705 1806
88.628806699999998 14 206.51600646972656 10.237507820129395 2.0092811560889317 1718
88.728365100000005 8 115.60199737548828 11.886528015136719 2.0031872765703462 1780
88.829191300000005 4 88.217002868652344 8.9813776016235352 2.0000837865014427 1877
88.928734399999996 5 79.777999877929688 12.42555046081543 2.0016730325569343 1851
89.029630600000004 6 90.691001892089844 11.816397666931152 2.0026676707640858 1759
89.129136000000003 8 126.40599822998047 11.540179252624512 2.0027172864903204 1719
89.230002799999994 8 136.82899475097656 17.948360443115234 2.0039960539222355 1679
89.329499100000007 15 208.30900573730469 13.167312622070312 2.006748879309129 1632
89.429061099999998 11 146.95399475097656 12.767627716064453 2.0052513688789522 1770
89.529919800000002 6 92.337997436523438 13.464372634887695 2.0008839546404613 1826
89.629453299999994 18 252.49800109863281 12.849955558776855 2.0095456120406756 1818
89.728962100000004 4 73.192001342773438 13.345333099365234 2.0003846466465554 1904
89.828490200000005 3 45.205001831054688 15.060031890869141 2.0001332216707328 1785
89.929362900000001 4 81.21600341796875 7.3191285133361816 2.0010931965522363 1974
90.028900800000002 4 77.885002136230469 8.6839895248413086 2.0004841017769639 1863
90.129756400000005 5 84.160003662109375 7.6273999214172363 2.0000349882210906 1954
90.229350699999998 4 84.174003601074219 8.8759498596191406 2.0002235872074849 1835
90.328812299999996 4 69.843002319335938 8.7926321029663086 2.0009681734874381 1970
90.428356800000003 7 109.95099639892578 10.215595245361328 2.0018859540963723 1926
90.529241499999998 5 105.68000030517578 12.551365852355957 2.0003883687338693 1979
90.628781900000007 5 86.541999816894531 9.82635498046875 2.0004992782198268 1769
90.728281199999998 13 168.57499694824219 8.8117256164550781 2.0024449599552834 1877
90.829158699999994 8 126.58999633789062 8.947911262512207 2.002395948797679 1863
90.928666699999994 4 100.15899658203125 11.506758689880371 2.001089889273449 1927
91.029543500000003 4 80.911003112792969 7.823908805847168 2.0005351567061624 1973
91.129087400000003 5 112.13999938964844 8.9447002410888672 2.0008879719371961 1952
91.229936300000006 4 95.03900146484375 11.356569290161133 2.0001766587123568 1975
91.329461199999997 5 93.235000610351562 7.5316219329833984 2.0006132251669886 2100
91.429017200000004 6 114.29299926757812 8.673309326171875 2.0019995950266511 1873
91.528564599999996 6 97.303001403808594 11.101672172546387 2.0007354058406306 1905
91.629391799999993 13 181.63600158691406 13.574257850646973 2.0040588572723208 1952
91.728933499999997 29 378.15200805664062 7.151275634765625 2.0158858667292718 1773
91.829802700000002 3 54.498001098632812 12.721882820129395 2.0000244128333686 1937
91.929304700000003 8 130.61599731445312 10.306390762329102 2.003373873333151 1826
92.028842100000006 11 181.91099548339844 12.26596736907959 2.0015927023159215 1794
92.129695999999996 14 226.64399719238281 9.3721647262573242 2.0065865143880317 2021
92.229204600000003 3 64.108001708984375 12.884754180908203 2.0000666847350361 1991
92.328726000000003 11 182.41499328613281 8.06341552734375 2.0029002838905927 1953
92.428318200000007 5 76.646003723144531 8.2739191055297852 2.0003182497208427 1956
92.5291754 9 134.0679931640625 9.9554929733276367 2.0094346443531439 1992
92.628724700000006 6 103.05000305175781 8.987971305847168 2.0009533072129586 1986
92.728215599999999 6 119.98799896240234 7.9956355094909668 2.0007948509915154 1935
92.829107899999997 4 79.082000732421875 7.2465829849243164 2.0001098797329502 1837
92.928616700000006 5 107.45400238037109 8.2494287490844727 2.0001822090536998 1950
93.029533299999997 5 86.822998046875 9.5198841094970703 2.0001247362301493 1970
93.129004600000002 4 91.178001403808594 10.396327018737793 2.0000970578236088 2021
93.228557300000006 3 63.773998260498047 6.9364004135131836 2.0001016460063785 2051
93.329430700000003 4 81.532997131347656 4.0623364448547363 2.0007958867017321 2009
93.4289323 4 76.011001586914062 6.8718857765197754 2.0003336071882636 2013
93.529826299999996 4 96.622001647949219 8.3387508392333984 2.0001975739793365 2036
93.629336499999994 4 87.896003723144531 8.44219970703125 2.0000460917114342 1863
93.728855800000005 10 161.61300659179688 8.6692161560058594 2.0035421410473604 1940
93.829774999999998 10 172.96099853515625 9.1693973541259766 2.005826659518819 2063
93.929267100000004 4 71.483001708984375 7.6896600723266602 2.0000415336821802 1848
94.028815399999999 4 81.418998718261719 9.7576065063476562 2.0001579857187481 2030
94.129630700000007 5 115.02899932861328 8.4582614898681641 2.0009670995201159 1973
94.229215999999994 8 142.29400634765625 5.5797858238220215 2.0022110454606858 2084
94.328729499999994 6 136.01300048828125 5.1866111755371094 2.0015301893595114 2080
94.429557000000003 4 67.617996215820312 6.6172404289245605 2.0002635746884558 2071
94.529144700000003 6 121.58300018310547 8.3978500366210938 2.0005991127184037 1900
94.628714500000001 8 144.14500427246094 7.1487555503845215 2.0012279714093695 1971
94.729504199999994 5 107.15000152587891 8.9518613815307617 2.000025931711876 2022
94.829087599999994 3 79.970001220703125 11.765017509460449 2.0000945113517581 1957
94.928550400000006 3 68.853996276855469 12.431777954101562 2.0000269721466775 1900
95.029450600000004 7 124.48500061035156 8.6071033477783203 2.0016697532675347 2005
95.128930199999999 12 185.71400451660156 11.416790008544922 2.0143577805718942 1842
95.229845699999998 4 84.220001220703125 5.3450326919555664 2.0005684370916215 2061
95.329361599999999 10 176.45700073242188 7.4611096382141113 2.0020965013194654 2023
95.428942300000003 4 73.166999816894531 10.404280662536621 2.0002628517358896 2038
95.529776499999997 5 76.857002258300781 7.6989054679870605 2.0015594451100123 1785
95.629307400000002 6 106.34600067138672 8.9862194061279297 2.0008276814357457 1965
95.728813599999995 5 80.462997436523438 8.4439973831176758 2.0004948530198665 1802
95.828382199999993 9 166.33000183105469 15.830629348754883 2.0027491642960014 2005
95.929130000000001 4 80.541999816894531 12.093255043029785 2.0000900862281128 2074
96.028794399999995 5 93.305999755859375 12.96306037902832 2.0000736205102054 1906
96.129615900000005 3 63.293998718261719 9.0781316757202148 2.000078625001962 1850
96.229127800000001 3 57.637001037597656 16.845636367797852 2.0003991329671305 1882
96.328695400000001 13 194.39700317382812 6.5510425567626953 2.0045638787812732 1800
96.429585099999997 5 99.195999145507812 5.9701991081237793 2.0011123925064052 2000
96.529077700000002 5 102.40000152587891 7.6714658737182617 2.0005012161269642 1980
96.628614999999996 7 115.14900207519531 9.8462409973144531 2.0009756552628102 1906
96.729449900000006 5 88.870002746582031 6.6182126998901367 2.0000353468055629 1817
96.829044999999994 5 99.930000305175781 8.2083873748779297 2.0007723693714787 1934
96.928546999999995 3 60.118999481201172 8.8491916656494141 2.0003614783293018 1981
97.029430099999999 6 99.357002258300781 11.305178642272949 2.0010595303793139 2033
97.128935999999996 5 102.06600189208984 9.7204179763793945 2.001027124323739 1987
97.229763199999994 4 75.087997436523438 10.960908889770508 2.0004367616167609 1892
97.329349699999995 4 78.890998840332031 3.7245473861694336 2.000717597325866 2017
97.4288861 5 93.522003173828125 5.132420539855957 2.0004497958954923 2123
97.528370300000006 4 72.666000366210938 6.3782157897949219 2.0008970976557263 2045
97.629212999999993 4 92.958999633789062 7.1117124557495117 2.0000493925685312 2098
97.728738199999995 6 99.647003173828125 10.73734188079834 2.0019794538328877 2018
97.828336899999996 5 104.77999877929688 7.5364780426025391 2.0001767884996262 1994
97.929133800000002 4 73.265998840332031 9.328216552734375 2.0000709381544124 2012
98.028727900000007 3 66.65899658203125 8.0289573669433594 2.0000636594180956 1821
98.129531499999999 3 63.435001373291016 12.921012878417969 2.0002117336927925 2003
98.229133700000006 4 68.232002258300781 13.863859176635742 2.0003443545187447 1940
98.328618199999994 4 82.626998901367188 15.070423126220703 2.0000653171385983 2034
98.429529799999997 4 84.052001953125 15.249689102172852 2.0002423473651465 2061
98.529012300000005 7 135.36599731445312 12.555137634277344 2.0026543323465504 1894
98.628572599999998 6 109.96600341796875 7.6810684204101562 2.002816050242723 1832
98.729449900000006 5 89.362998962402344 8.2133550643920898 2.0005371995195782 1997
98.828973899999994 7 141.80999755859375 7.8557677268981934 2.002116811017506 1918
98.929822299999998 6 128.47599792480469 7.2744140625 2.0005975219955627 1951
99.029309900000001 5 105.55300140380859 9.0936183929443359 2.0005069107392397 2103
99.128861599999993 20 318.77899169921875 11.489301681518555 2.0194492945943243 1872
99.229765099999995 17 262.4580078125 12.812487602233887 2.0166388579879726 1890
99.329255700000004 8 139.53199768066406 14.817265510559082 2.0041314612753793 1974
99.428813599999998 9 157.11000061035156 12.705954551696777 2.0038500003940793 1869
99.5296618 4 76.469001770019531 9.2031135559082031 2.0005560509562752 1909
99.629237599999996 12 188.65199279785156 6.2203168869018555 2.0068313853540705 2014
99.7287623 3 74.972999572753906 7.0208978652954102 2.000338516432548 2032
99.829593799999998 4 67.477996826171875 7.671140193939209 2.0003489095528435 2167
99.930426299999993 5 110.54900360107422 10.994917869567871 2.0009608777812407 2023
100.0312804 4 74.481002807617188 12.701297760009766 2.0007190620253374 1928
100.1308264 9 160.51400756835938 11.951183319091797 2.0031759685465329 1896
100.230373 3 71.005996704101562 12.294313430786133 2.0001664210425858 2012
100.3285667 4 85.791999816894531 10.704853057861328 2.0001527225342386 1947
100.4281098 4 80.615997314453125 11.0260009765625 2.0002783888024349 1857
100.5290112 7 113.30899810791016 10.846426010131836 2.0010208859485967 1897
100.6285223 3 73.55999755859375 7.3700542449951172 2.0000824916976687 1974
100.72937 3 76.225997924804688 5.787442684173584 2.0001769139490335 1965
100.8289434 4 75.739997863769531 8.416407585144043 2.0001466714767759 1963
100.9297596 6 91.744003295898438 5.7327971458435059 2.0000300196084759 1670
101.02926220000001 11 176.28799438476562 14.861257553100586 2.0021138708041759 1829
101.1288496 5 104.69300079345703 7.4938902854919434 2.000143328286355 1787
101.2283951 3 70.054000854492188 8.7035284042358398 2.0000345611489152 1705
101.3292371 5 100.26000213623047 13.726794242858887 2.0008425633753686 1861
101.42873160000001 6 104.78500366210938 8.0617132186889648 2.0012679732553273 1579
101.5283185 4 72.060997009277344 9.6653614044189453 2.0003229492958523 1706
101.6291892 4 85.163002014160156 3.8668045997619629 2.0002172448435691 1831
101.72867460000001 6 108.23000335693359 7.1928229331970215 2.0003454907262572 1752
101.82957209999999 3 55.25 6.306739330291748 2.0000408113655177 1771
101.92908629999999 5 82.222999572753906 8.6933212280273438 2.0002730904596731 1718
102.0285949 7 127.11499786376953 7.7772121429443359 2.0024456068299155 1764
102.1294803 7 116.14199829101562 6.189610481262207 2.0022926208598442 1624
102.2290169 30 335.04998779296875 8.0884771347045898 2.0419745346396598 1390
102.3285166 9 123.92800140380859 7.2836194038391113 2.0076011259513504 1527
102.4294068 15 201.42900085449219 7.3639273643493652 2.0098441950172976 1483
102.52891750000001 21 235.87399291992188 8.3538570404052734 2.0452471671475809 1384
102.6298286 5 113.45800018310547 6.4396696090698242 2.0005534629826616 1634
102.72932470000001 7 100.30999755859375 6.262059211730957 2.000078540609286 1563
102.8287922 8 117.27100372314453 5.8792600631713867 2.0003077388050019 1580
102.9297 8 114.56400299072266 6.1861600875854492 2.0004979735378168 1485
103.02922100000001 11 147.31399536132812 5.4436101913452148 2.0035123207540138 1476
103.1287834 13 150.06100463867188 6.1260724067687988 2.0051623157926355 1503
103.2283272 9 142.72700500488281 4.9989547729492188 2.0021329466244699 1319
103.3291432 19 241.8800048828125 5.8178763389587402 2.007718002686214 1433
103.4287197 5 72.269996643066406 5.0087885856628418 2.0004260072371562 1446
103.52957550000001 9 131.40699768066406 5.4315018653869629 2.0020145134041383 1410
103.6291253 12 137.2239990234375 4.9769077301025391 2.0081480292859313 1306
103.72993390000001 12 141.63600158691406 3.3405807018280029 2.0018250924526755 1362
103.82950649999999 6 88.15899658203125 4.3784279823303223 2.0021673697254787 1391
103.92904009999999 6 75.617996215820312 3.6199660301208496 2.0010740997585552 1422
104.0285732 8 96.930000305175781 4.374657154083252 2.0029419369994033 1478
104.1281108 8 99.689002990722656 3.556495189666748 2.0024683096476674 1446
104.2289494 8 99.343002319335938 3.807706356048584 2.004317929851442 1375
104.32981409999999 14 156.81500244140625 4.7010445594787598 2.0159714959610242 1386
104.4293474 11 110.17400360107422 5.7824192047119141 2.0028542334912243 1231
104.5288645 12 129.5989990234375 6.3682031631469727 2.0069508836328791 1305
104.6284522 6 87.708999633789062 7.1212396621704102 2.0006700752800732 1303
104.7292537 7 104.90799713134766 7.8101987838745117 2.0013141944627333 1374
104.828822 6 71.274002075195312 4.1484479904174805 2.0012332007490832 1513
104.9283222 6 76.420997619628906 6.5525493621826172 2.0004707786608598 1384
105.02921670000001 10 130.79499816894531 8.8067398071289062 2.003921547043765 1416
105.1287457 8 108.79499816894531 9.7462882995605469 2.0006765066094956 1440
105.2295467 13 162.14599609375 8.5317420959472656 2.0097162226349137 1408
105.3291363 30 371.14300537109375 7.6534686088562012 2.0602999959913597 1383
105.4300198 14 213.44000244140625 9.4973363876342773 2.0045901936009347 1486
105.5295335 11 175.60699462890625 13.742652893066406 2.0031319718623393 1561
105.62902769999999 12 172.02999877929688 14.222529411315918 2.0024353257890097 1520
105.72856419999999 5 79.441001892089844 15.394124031066895 2.0023013346764573 1559
105.8281309 4 64.883003234863281 14.582860946655273 2.0001250947828564 1590
105.9289373 5 93.230003356933594 10.858397483825684 2.0006483180382695 1902
106.02850859999999 8 146.91000366210938 13.769262313842773 2.0033477321258917 1879
106.12935179999999 5 97.589996337890625 18.671197891235352 2.0009522629433967 1877
106.2288693 7 115.09999847412109 14.939388275146484 2.0004321336045603 1805
106.32977169999999 9 160.89300537109375 16.354606628417969 2.0002003268477653 1803
106.4293381 8 113.22000122070312 12.617716789245605 2.0031321299926814 1653
106.52884520000001 5 89.46600341796875 20.001893997192383 2.0005043215759191 1867
106.6283952 3 64.68499755859375 27.626474380493164 2.0001118417628954 1888
106.72789469999999 14 189.59800720214844 10.075331687927246 2.0047908315554674 1717
106.8274347 13 208.46800231933594 8.1602783203125 2.0047860249091256 1706
106.92693939999999 9 168.04100036621094 16.483613967895508 2.0091190936516741 1838
107.0278677 8 148.46699523925781 11.232894897460938 2.0016170433136242 1979
107.12866889999999 30 535.0479736328125 18.123357772827148 2.053144329424391 1962
107.2294966 5 97.656997680664062 23.145139694213867 2.0000828801970263 1975
107.3303987 4 90.316001892089844 24.980195999145508 2.0001365106595514 1928
107.4299742 15 234.96099853515625 21.031490325927734 2.0167374253804442 1872
107.5294506 4 78.178001403808594 23.880184173583984 2.0003621942159384 1836
107.629018 13 240.71299743652344 17.724433898925781 2.0005548561086637 1885
107.7298728 11 164.072998046875 14.264058113098145 2.0102242822845424 1859
107.82940929999999 4 87.279998779296875 15.078099250793457 2.0001480911474698 1868
107.9302694 4 75.222999572753906 21.895771026611328 2.0011181553547006 1978
108.02981629999999 5 97.695999145507812 13.166193008422852 2.0000539133551074 2063
108.1293222 5 101.16500091552734 14.220121383666992 2.0002202467471566 2137
108.2301635 4 90.626998901367188 12.291707992553711 2.0000196972902082 1951
108.3296689 16 281.19500732421875 17.185867309570312 2.0154269780674992 2065
108.4293045 11 181.48699951171875 19.564336776733398 2.01398741596419 1875
108.528762 16 268.06900024414062 12.935709953308105 2.01649601708773 2120
108.6296612 4 99.495002746582031 17.145750045776367 2.0000543279291194 2143
108.7291724 13 208.41400146484375 12.237236022949219 2.015603931891234 1904
108.82873499999999 10 177.04400634765625 15.033567428588867 2.0045172138257712 1860
108.92956390000001 10 192.53399658203125 20.018718719482422 2.0054785908078188 1926
109.0291187 12 206.71400451660156 18.125078201293945 2.0031603505142526 1989
109.12866080000001 10 193.83500671386719 10.973903656005859 2.0021853764174216 2245
109.22950710000001 8 151.531005859375 18.11274528503418 2.0021251729820317 2146
109.3290125 6 140.97099304199219 9.5568065643310547 2.00006888846946 2231
109.4285866 9 158.82200622558594 12.263180732727051 2.0019503013097948 2137
109.5294262 3 84.615997314453125 12.859549522399902 2.0000179002844267 2153
109.62896310000001 7 132.64599609375 17.258197784423828 2.0018307981190544 2210
109.7298047 4 104.88700103759766 14.89134693145752 2.0004907514174235 2052
109.82932340000001 14 280.18701171875 20.170307159423828 2.0143865975228725 2210
109.9288923 3 66.021003723144531 16.642265319824219 2.000357203749068 2093
110.0297262 7 149.51600646972656 21.013795852661133 2.0044110745709092 2169
110.12927380000001 9 147.87300109863281 9.2764987945556641 2.004129405000489 1981
110.2288331 6 137.35200500488281 9.8264684677124023 2.0032805980348503 2286
110.3296777 4 84.958000183105469 7.6890287399291992 2.0006365296541504 1962
110.42921560000001 7 156.55000305175781 6.5949878692626953 2.0013467693568252 2154
110.5287603 9 196.28300476074219 11.446699142456055 2.0045747747458296 2180
110.6295721 7 164.23300170898438 15.938146591186523 2.002094806250724 2184
110.7291159 3 78.753997802734375 17.262567520141602 2.0000688071102193 2175
110.828704 5 109.23300170898438 17.599197387695312 2.0000751239994909 2199
110.92951309999999 7 144.13200378417969 15.868365287780762 2.0029689624391347 2191
111.0290414 6 143.89300537109375 26.813154220581055 2.0018503719868157 2219
111.12855070000001 8 154.97000122070312 15.520346641540527 2.0011697624690918 2125
111.2294709 3 74.906997680664062 10.84852409362793 2.0001377655272834 2282
111.3289675 5 100.5 11.858085632324219 2.0007403881271526 2256
111.4285599 13 272.9840087890625 17.321954727172852 2.0098019205521149 2143
111.52940719999999 17 329.75201416015625 16.684734344482422 2.0012273651649344 2255
111.6288988 10 194.36199951171875 12.614531517028809 2.0002135656284765 2197
111.7284535 3 89.141998291015625 16.687032699584961 2.0001221455749709 2329
111.82932750000001 5 110.947998046875 21.039335250854492 2.0008130101096491 2175
111.92883310000001 10 211.04600524902344 20.759122848510742 2.0029896215418717 2181
112.0283767 9 197.48699951171875 20.675254821777344 2.0023943378702023 2274
112.12922159999999 3 78.364997863769531 16.987724304199219 2.0000246833223079 2179
112.22879639999999 5 119.22200012207031 19.351343154907227 2.000970868233376 2239
112.3296722 4 96.212997436523438 7.7600808143615723 2.0000370859267358 2302
112.42915979999999 5 123.427001953125 9.8075761795043945 2.0007288949929167 2282
112.5286433 13 259.29800415039062 10.150670051574707 2.0122397262187048 2182
112.6295461 6 134.92399597167969 11.358319282531738 2.0022910712641742 2319
112.72909370000001 3 90.463996887207031 13.653585433959961 2.0000259298227259 2048
112.828654 4 95.799003601074219 20.474058151245117 2.0005846223460653 2254
112.9294561 3 75.154998779296875 15.770745277404785 2.0001214488425711 2254
113.02903329999999 8 146.42100524902344 18.72465705871582 2.0004451370357352 2244
113.1285409 23 438.9849853515625 19.808624267578125 2.0315779715783679 2129
113.2294227 8 162.68899536132812 21.157026290893555 2.007196995693433 2225
113.3288924 8 169.97900390625 18.875831604003906 2.0008814417620138 2202
113.42848410000001 6 144.02400207519531 9.817194938659668 2.0000604130070614 2346
113.5293223 5 119.63200378417969 15.410178184509277 2.0012716262975783 2317
113.6288799 15 296.83700561523438 10.584881782531738 2.0064847973873503 2364
113.7284109 6 128.70799255371094 11.638298034667969 2.0025077751005074 2264
113.8293439 5 115.56300354003906 13.680828094482422 2.0003140228869096 2283
113.92880359999999 9 183.51600646972656 11.063838005065918 2.0021496057125994 2258
114.0296499 12 263.0570068359375 13.827907562255859 2.0041535346121697 2266
114.1291975 5 125.73400115966797 10.853147506713867 2.0003470497725448 2147
114.22872409999999 4 112.34300231933594 12.107528686523438 2.0001944098735787 2317
114.3295835 7 154.80999755859375 15.551845550537109 2.0022374297104708 2365
114.42914690000001 5 147.83399963378906 11.182536125183105 2.000215040719977 2391
114.5286523 14 304.47500610351562 13.371112823486328 2.0015806842259294 2474
114.6295172 4 91.593002319335938 10.260642051696777 2.0001116953621683 2370
114.7290544 4 108.33399963378906 10.927460670471191 2.0002374006666037 2270
114.8298935 6 139.09599304199219 14.47401237487793 2.0003144967901698 2441
114.9294266 6 142.69400024414062 23.949041366577148 2.0007573748633876 2285
115.0289949 6 139.60400390625 16.617477416992188 2.0019838034432169 2291
115.1298048 3 80.761001586914062 19.612585067749023 2.0000968174467073 2318
115.22938120000001 3 80.21600341796875 18.6666259765625 2.0002191022925473 2291
115.3288793 3 71.847999572753906 25.472827911376953 2.000015861866129 2220
115.4284607 8 198.46600341796875 21.618114471435547 2.0052730319424117 2160
115.52926979999999 5 108.70600128173828 13.930734634399414 2.0003613289610613 2368
115.62884339999999 4 98.922996520996094 10.456602096557617 2.000251206867687 2204
115.7296437 9 207.28599548339844 12.613808631896973 2.0007249865323686 2291
115.8292247 4 100.23999786376953 12.529544830322266 2.0002555810419218 2252
115.92878450000001 4 101.89900207519531 10.543654441833496 2.0002804681047648 2271
116.02830470000001 4 76.721000671386719 13.610940933227539 2.0000677340107962 2434
116.1291524 6 129.48100280761719 15.304425239562988 2.001166724268729 2350
116.2287232 13 246.66000366210938 11.295387268066406 2.0100468363701154 2208
116.32950839999999 5 99.980003356933594 10.278956413269043 2.0010488484331637 2267
116.42908060000001 7 125.0989990234375 10.511152267456055 2.0021084949435139 2097
116.5285899 4 87.877998352050781 12.88881778717041 2.0001360529393146 2219
116.6294934 9 170.30999755859375 10.12611198425293 2.0014777602195979 2290
116.729005 5 123.36000061035156 5.3950161933898926 2.0005291177834112 2254
116.82855600000001 4 102.68199920654297 8.336024284362793 2.0003559374722135 2298
116.92940539999999 6 138.08399963378906 12.37647819519043 2.0014621345163084 2302
117.0289284 4 99.495002746582031 9.1532344818115234 2.0000660283256604 2205
117.1284658 5 125.53299713134766 7.2936182022094727 2.000926551348237 2239
117.2293221 4 115.85199737548828 8.9424610137939453 2.0000213132578297 2237
117.3288235 3 91.782997131347656 10.55191707611084 2.0001824130545649 2221
117.42969189999999 6 134.75700378417969 9.656010627746582 2.0007458323947009 2290
117.5292369 4 106.94499969482422 9.8753547668457031 2.0001166946597611 2242
117.6288184 4 115.88500213623047 10.350343704223633 2.0006392417697092 2216
117.7296468 4 99.425003051757812 7.7720365524291992 2.0000808390172855 2394
117.8291267 3 84.712997436523438 7.7694764137268066 2.0000434981044157 2446
117.92866960000001 4 111.53399658203125 14.958319664001465 2.0010730428749088 2242
118.0295912 5 110.38300323486328 13.445126533508301 2.0000759458618744 2307
118.1291052 4 109.90699768066406 13.314456939697266 2.0002702944463913 2308
118.2286817 10 212.83799743652344 13.753833770751953 2.006706113443026 2134
118.3294641 11 220.72000122070312 11.350579261779785 2.0086450790757078 2075
118.428996 6 133.17399597167969 13.034955024719238 2.000869447348673 2051
118.5298904 6 133.82499694824219 11.740728378295898 2.0005320167469063 2027
118.62944659999999 8 160.63499450683594 14.866917610168457 2.0017730148547064 2089
118.72891319999999 3 83.474998474121094 13.917669296264648 2.0000574652152086 2030
118.8284675 4 87.405998229980469 6.4830484390258789 2.0001440578082268 2324
118.9293152 4 94.71099853515625 12.594517707824707 2.0003537902178712 2210
119.028885 3 73.107002258300781 12.973933219909668 2.0001218233284312 2253
119.1297168 7 150.74299621582031 13.245651245117188 2.0001809015489358 2203
119.2291929 8 181.45500183105469 12.908281326293945 2.0008784457285897 2165
119.3288113 3 78.374000549316406 12.869466781616211 2.0000218050147307 2146
119.4296581 3 78.321998596191406 12.338010787963867 2.0000853810233856 2138
119.5291976 4 84.248001098632812 12.179290771484375 2.0001938464678033 2054
119.6287896 3 81.362998962402344 12.875430107116699 2.0000700163901177 2111
119.72956050000001 4 111.16000366210938 11.59477710723877 2.0004876049477329 2125
119.8291356 3 74.162002563476562 4.420382022857666 2.0000348099479925 2402
119.9286376 3 77.436996459960938 5.5025005340576172 2.0001652996855674 2196
120.02956930000001 3 84.182998657226562 6.8479275703430176 2.0000409173064937 2215
120.12902800000001 3 83.573997497558594 6.6069431304931641 2.0000128031567503 2208
120.2285959 4 92.695999145507812 7.6580319404602051 2.0002978783214256 2201
120.32943880000001 3 64.722000122070312 8.0750026702880859 2.0000059927525187 2168
120.4289505 3 74.06500244140625 7.7418746948242188 2.0000048156904713 2140
120.528454 3 82.486000061035156 8.3899774551391602 2.0000032917031882 2139
120.629368 3 63 8.1130104064941406 2.0000098978720606 2100
120.72885340000001 3 66.655998229980469 9.2662715911865234 2.0000460456143792 2144
120.8284451 4 90.398002624511719 8.8652715682983398 2.0002020188109175 2098
120.9293066 5 114.51799774169922 4.4964718818664551 2.0005187425416482 2360
121.02884830000001 3 83.941001892089844 5.3629035949707031 2.0000143744020575 2240
121.12969459999999 4 95.669998168945312 5.7308425903320312 2.0001864288932225 2225
121.2291762 7 150.22099304199219 6.439547061920166 2.0002345199727842 2221
121.3286842 4 105.57700347900391 6.4074783325195312 2.0001157291924234 2132
121.4296471 3 73.250999450683594 6.7580842971801758 2.0002163178732206 2192
121.5291525 3 67.103996276855469 7.4369592666625977 2.0000899289323364 2223
121.6286427 3 95.081001281738281 8.710972785949707 2.0000292396602393 2186
121.7295324 3 75.63800048828125 8.654754638671875 2.0000226507816059 2170
121.8291017 3 81.336997985839844 9.7030200958251953 2.0000624449217961 2122
121.9285857 3 69.737998962402344 10.482393264770508 2.0000209614215252 2134
122.02949820000001 3 73.925003051757812 3.1805002689361572 2.0000409008640303 2383
122.12897649999999 3 84.818000793457031 4.1268458366394043 2.000032307104461 2332
122.2285081 3 77.719001770019531 4.7403573989868164 2.0001018105482853 2164
122.3294021 9 197.47300720214844 12.744014739990234 2.0005316774267503 2024
122.428923 6 118.47899627685547 12.56826114654541 2.0008387028326577 2178
122.52980340000001 3 78.814002990722656 10.785347938537598 2.0000377563755105 2211
122.62932170000001 5 106.95500183105469 9.5120449066162109 2.0007357368605727 2048
122.7288729 4 111.625 11.727526664733887 2.0002075285491321 2155
122.8297216 3 98.560997009277344 11.117088317871094 2.0001500073082346 2260
122.9292549 3 87.732002258300781 10.753744125366211 2.0000114213207572 2140
123.02878010000001 4 88.197998046875 10.225150108337402 2.0000445804503233 2105
123.1295849 5 115.39299774169922 9.7718715667724609 2.0001910260804658 2353
123.229181 5 111.14299774169922 11.586213111877441 2.0000472187872824 2288
123.3287074 5 123.66500091552734 13.706113815307617 2.0005031391328481 2288
123.4295978 5 130.04200744628906 11.986299514770508 2.0009557217661049 2409
123.52905 4 82.943000793457031 9.7981700897216797 2.0001315490283145 2332
123.6286236 4 108.39700317382812 11.041508674621582 2.0003113993329138 2220
123.72946349999999 5 129.81500244140625 10.674654960632324 2.0008391526313707 2231
123.8290318 5 130.67599487304688 12.551272392272949 2.0005577733104238 2275
123.9298941 7 151.73599243164062 13.774118423461914 2.0019881490904745 2411
124.0293983 6 158.98500061035156 13.166918754577637 2.0010004751978245 2353
124.1289431 3 85.055999755859375 13.085243225097656 2.0001480465107124 2264
124.2298175 4 93.449996948242188 7.7182717323303223 2.0008598282311376 2406
124.32933439999999 4 114.45600128173828 10.26186466217041 2.00050396228279 2385
124.4292478 3 88.782997131347656 12.384616851806641 2.0000489021298646 2393
124.5283917 3 88.827003479003906 12.794574737548828 2.0000171003362861 2452
124.6293112 5 127.28299713134766 15.350399017333984 2.0002803734460679 2446
124.7287802 3 77.769996643066406 15.132931709289551 2.0001453613086775 2407
124.8296381 4 100.0989990234375 13.463004112243652 2.0004452662171994 2355
124.9291557 3 107.10900115966797 15.452902793884277 2.0001602008098613 2483
125.0287227 3 97.524002075195312 14.013046264648438 2.0000163896216026 2438
125.1282586 4 110.58300018310547 13.775571823120117 2.0001411338132513 2432
125.2291297 6 132.78199768066406 15.931379318237305 2.0000492425949479 2528
125.32868019999999 4 137.093994140625 12.428501129150391 2.0013309964322534 2605
125.4295269 3 83.343002319335938 13.489080429077148 2.0000806084259048 2626
125.52902 3 86.749000549316406 12.67656421661377 2.0000086536864843 2578
125.6285895 4 118.08000183105469 13.540633201599121 2.0000577568665499 2494
125.72946659999999 4 109.65399932861328 13.182506561279297 2.0003036998157584 2560
125.8290068 4 104.00700378417969 13.170130729675293 2.0001850714129286 2544
125.928476 3 94.435997009277344 14.185427665710449 2.0001258697906583 2661
126.02933179999999 4 121.95999908447266 14.228973388671875 2.0003182888002851 2522
126.1289021 5 140.18600463867188 12.765560150146484 2.000462434873385 2553
126.2297746 3 87.619003295898438 14.262607574462891 2.00000404228286 2572
126.3292579 3 90.586997985839844 6.8887124061584473 2.0000207988554397 2695
126.4288124 4 109.88999938964844 7.726374626159668 2.0000416203751383 2695
126.5296637 4 121.43099975585938 12.089321136474609 2.0001036131553649 2704
126.629243 4 110.13300323486328 11.409265518188477 2.0003680526141157 2634
126.7287742 3 98.019996643066406 10.174152374267578 2.0000816866629174 2576
126.8296448 3 82.817001342773438 10.841463088989258 2.0003454848839164 2542
126.92915189999999 4 95.43499755859375 15.436509132385254 2.0000272163497304 2510
127.0286919 3 101.69400024414062 14.449325561523438 2.0002317299631303 2492
127.1295477 4 109.79000091552734 13.627996444702148 2.0002434403793661 2619
127.229118 3 93.91400146484375 15.169379234313965 2.0000290252793631 2572
127.32861819999999 6 144.27099609375 17.210479736328125 2.0002297457295586 2495
127.4294549 5 123.31800079345703 13.820009231567383 2.0004496191550216 2802
127.52901 3 95.861000061035156 12.188965797424316 2.0000787395536856 2632
127.62861700000001 4 118.60299682617188 11.959733963012695 2.0000851418894579 2687
127.7293741 4 122.31600189208984 14.907233238220215 2.0000167403651647 2613
127.82890949999999 4 130.37899780273438 13.942076683044434 2.0000990602637669 2531
127.9297701 5 133.32400512695312 15.510139465332031 2.0001921455449811 2771
128.02929320000001 3 74.417999267578125 15.286190032958984 2.0002384171019987 2705
128.12883110000001 6 163.58700561523438 14.551610946655273 2.0004087118194533 2612
128.2297093 4 104.53800201416016 15.145612716674805 2.0005474452169967 2597
128.32926380000001 3 71.655998229980469 14.139117240905762 2.0000172371207872 2602
128.42878949999999 7 189.33599853515625 16.261297225952148 2.0000832135209499 2731
128.5296051 4 118.99099731445312 14.06422233581543 2.0002612950782463 2804
128.62917770000001 4 128.93800354003906 13.008447647094727 2.0003200836234205 2809
128.7286991 3 117.94999694824219 11.724491119384766 2.0001499806213352 2874
128.82955659999999 3 109.22699737548828 11.269742965698242 2.0000042601655128 2827
128.9290718 5 150.13200378417969 15.99189567565918 2.0000719460700997 2927
129.02993789999999 5 123.70600128173828 15.096481323242188 2.0000658670973328 2718
129.12950240000001 4 116.55999755859375 15.622409820556641 2.0000497320748551 2634
129.22902740000001 3 92.882003784179688 15.494427680969238 2.0000653411144107 2642
129.3285779 3 98.611000061035156 15.03435230255127 2.0002114611216832 2607
129.42943249999999 4 129.09700012207031 16.929737091064453 2.0004317985970461 2716
129.52898039999999 4 123.85700225830078 15.861967086791992 2.0003027825819362 2621
129.62849349999999 3 85.029998779296875 13.222900390625 2.0001054779296141 2759
129.72931589999999 6 154.99099731445312 13.784577369689941 2.0011595415186014 2646
129.8288723 3 89.06500244140625 12.884669303894043 2.0001767813495395 2637
129.92974100000001 4 109.22599792480469 14.243915557861328 2.0001477452911907 2660
130.02918070000001 6 160.22799682617188 14.83359432220459 2.0005888509011882 2673
130.12881870000001 3 82.44000244140625 15.974140167236328 2.0000040810212014 2736
130.2283319 3 86.217002868652344 17.043436050415039 2.0000672535326269 2699
130.32917509999999 4 132.43800354003906 12.055255889892578 2.0001641916492487 2627
130.4287683 3 108.5469970703125 14.529165267944336 2.0001313320874785 2749
130.529606 4 117.89700317382812 16.07017707824707 2.0000484690131404 2743
130.62914839999999 3 92.232002258300781 7.8029446601867676 2.0000187137181045 2950
130.72863950000001 4 134.031005859375 11.901162147521973 2.0000666054881839 2727
130.82949600000001 4 122.26100158691406 15.540041923522949 2.0004228317272639 2796
130.9290081 3 94.541000366210938 17.631935119628906 2.0000655418573361 2864
131.02861609999999 3 108.00499725341797 17.711404800415039 2.0000274406085645 2822
131.12943759999999 4 120.75900268554688 18.720973968505859 2.0004160414841126 2810
131.22898330000001 3 125.2760009765625 17.7896728515625 2.000109647372275 2901
131.3285204 3 102.63700103759766 15.364529609680176 2.0000198941920471 2877
131.42936700000001 3 87.704002380371094 13.680394172668457 2.0000833387914247 2919
131.5288607 3 92.288002014160156 14.333286285400391 2.0000617918078505 2928
131.62979949999999 4 134.63299560546875 10.817916870117188 2.0000590145283863 2992
131.7292458 3 92.365997314453125 20.222034454345703 2.0000802891520384 2923
131.82884229999999 5 142.93899536132812 17.890016555786133 2.0022097691599852 2831
131.92835249999999 9 233.23300170898438 17.751443862915039 2.0034380194527364 2711
132.02792679999999 5 144.39100646972656 17.026716232299805 2.0000119586919771 2674
132.12873450000001 7 170.82200622558594 17.282436370849609 2.0010207243210085 2625
132.228285 7 194.44099426269531 17.785015106201172 2.0026830437483252 2736
132.3291141 4 118.71399688720703 17.959280014038086 2.0001352935296652 2755
132.4300078 4 118.53099822998047 18.116870880126953 2.0002017535889358 2750
132.5295533 3 96.304000854492188 17.115859985351562 2.000039646555269 2779
132.6291033 4 123.06800079345703 17.826835632324219 2.0000467680378304 2850
132.72857730000001 4 106.82099914550781 17.918134689331055 2.0004876610778943 2913
132.82811939999999 6 168.14700317382812 19.540149688720703 2.0004426713512831 2920
132.9289824 4 123.42900085449219 18.284267425537109 2.0002045886909525 2906
133.02854959999999 4 130.531005859375 16.676725387573242 2.0000552529695304 2851
133.12939900000001 3 103.07900238037109 18.342714309692383 2.0001946318787538 2842
133.22891540000001 4 119.80599975585938 16.112977981567383 2.000114765727377 2789
133.32977070000001 4 133.97900390625 16.314027786254883 2.0003004955453236 2874
133.4293376 3 97.90899658203125 17.02202033996582 2.0000314703559963 2873
133.52885090000001 3 90.136001586914062 17.599740982055664 2.0000317185334602 2890
133.62837999999999 4 112.54399871826172 18.955755233764648 2.0001350790585244 2893
133.729251 3 97.999000549316406 12.710760116577148 2.0000297957841173 3009
133.83005489999999 3 101.64199829101562 16.407796859741211 2.0000771877787638 3035
133.9295932 3 102.22899627685547 18.034366607666016 2.0000716373083476 3132
134.02918070000001 5 136.18800354003906 13.882354736328125 2.000382585401201 3047
134.12870989999999 3 102.56999969482422 13.860879898071289 2.0000091315381421 3020
134.22822059999999 5 148.92799377441406 16.218839645385742 2.0000717574608382 2944
134.32907069999999 3 103.25900268554688 16.199121475219727 2.0000141773288793 2999
134.42866960000001 3 100.84799957275391 17.740711212158203 2.0000054346018481 2972
134.52946919999999 3 102.7969970703125 17.846769332885742 2.0000063927708291 2999
134.6289798 3 97.213996887207031 18.110992431640625 2.000036400403264 3020
134.7285718 3 86.430000305175781 18.173572540283203 2.0001170209422354 2922
134.82944259999999 4 122.572998046875 12.24098014831543 2.000104512571192 3198
134.92895379999999 3 113.73600006103516 12.144339561462402 2.0000703156981512 3173
135.02850710000001 5 156.88600158691406 13.174420356750488 2.0000251274274294 3023
135.12932359999999 3 93.061996459960938 14.03987979888916 2.0000084543610104 2998
135.22892060000001 4 130.20399475097656 15.099024772644043 2.0000421746271888 2971
135.3284286 3 98.606002807617188 17.343593597412109 2.0000096362211206 2926
135.4292714 6 172.2449951171875 16.729770660400391 2.0003296514364046 3023
135.5288204 4 131.50100708007812 18.307476043701172 2.0000177683715994 3032
135.62962619999999 3 111.5 17.971536636352539 2.0000173715681582 2978
135.72921360000001 3 97.708999633789062 18.882472991943359 2.0000601313213053 2892
135.8287574 3 91.529998779296875 19.618917465209961 2.0000408171622692 2900
135.92957609999999 5 128.468994140625 14.633567810058594 2.0000158039427887 3078
136.0291378 3 102.7030029296875 12.798269271850586 2.0000059171450011 3032
136.1286413 3 84.281997680664062 12.161190986633301 2.0000173134422448 3121
136.22952190000001 3 104.54399871826172 14.83232307434082 2.0000153021110663 3150
136.32904450000001 4 119.05300140380859 17.800182342529297 2.0000261380894515 2965
136.42994300000001 3 95.271003723144531 20.744174957275391 2.0000228313478416 3037
136.5294591 4 134.84199523925781 19.974210739135742 2.0002496840508202 3008
136.62895409999999 3 97.097000122070312 19.022333145141602 2.0000723892039587 2972
136.72848669999999 3 109.65799713134766 20.13368034362793 2.0000315008529732 3052
136.8293802 4 142.87100219726562 20.929340362548828 2.0000315096850305 3033
136.92890589999999 3 96.552001953125 19.952526092529297 2.0000078268025474 3031
137.02845300000001 3 110.41899871826172 11.923681259155273 2.0000879286396858 3269
137.1292938 3 103.01399993896484 14.818609237670898 2.0000133027001392 3204
137.2288653 4 129.24800109863281 13.250322341918945 2.000103126353808 3193
137.32967439999999 5 143.052001953125 18.956047058105469 2.0006968225741968 3133
137.4292375 3 106.93699645996094 20.320837020874023 2.0000111444600028 3101
137.528773 3 116.572998046875 18.099203109741211 2.0000280004545101 3124
137.6296309 3 99.199996948242188 19.100168228149414 2.0000026388604684 3143
137.729139 5 153.09199523925781 18.863777160644531 2.0000958403092244 3062
137.8286392 4 174.29600524902344 18.947563171386719 2.0001269875409333 3091
137.92951790000001 3 82.974998474121094 22.010309219360352 2.0000078035537401 3153
138.02906530000001 4 130.79800415039062 11.339236259460449 2.0000145333665458 3326
138.12859449999999 3 101.07700347900391 19.204465866088867 2.0000426287193096 3114
138.22951710000001 3 102.51399993896484 16.236024856567383 2.0000731109073935 3206
138.32901630000001 3 88.697998046875 18.762184143066406 2.0000393114493482 3232
138.42987550000001 3 110.39099884033203 21.670541763305664 2.0000122694292473 3207
138.5293945 3 114.43699645996094 21.492340087890625 2.0001460635195216 3234
138.62892780000001 3 102.85600280761719 21.139854431152344 2.0000495293741203 3087
138.72977370000001 3 104.01599884033203 23.904272079467773 2.0000425000406996 3207
138.8293084 3 107.33100128173828 19.92170524597168 2.0000356019374759 3261
138.92884459999999 3 100.00199890136719 19.948596954345703 2.0000655314472846 3212
139.0297424 4 147.2969970703125 19.780597686767578 2.0001805239368435 3319
139.1292144 3 105.99700164794922 19.751094818115234 2.000039808909448 3275
139.22879710000001 4 132.61399841308594 15.657525062561035 2.000016757745541 3293
139.32964050000001 3 112.05000305175781 18.566867828369141 2.0000455387719605 3288
139.4291796 3 100.79100036621094 22.488229751586914 2.000060171362624 3295
139.53005329999999 5 154.83399963378906 21.652566909790039 2.0001876136191967 3353
139.62958610000001 3 122.77200317382812 21.014339447021484 2.0000311852763719 3292
139.7291118 3 120.05100250244141 23.650495529174805 2.0000188485083235 3298
139.82862650000001 7 200.35499572753906 21.097637176513672 2.0000863360103298 3360
139.9281301 5 139.48100280761719 24.618190765380859 2.0001684874438794 3323
140.0290679 3 104.48899841308594 22.687931060791016 2.000102157561126 3296
140.1285297 3 93.370002746582031 15.829963684082031 2.0000076720099416 3479
140.22945369999999 3 111.2239990234375 22.201986312866211 2.0000393876719853 3387
140.32897059999999 3 112.10800170898438 22.775856018066406 2.0000096849724112 3347
140.4298254 4 121.18199920654297 21.998382568359375 2.0000335992878511 3295
140.5293964 3 94.358001708984375 22.028488159179688 2.0000173505625791 3329
140.6288759 3 110.59700012207031 21.404426574707031 2.0000005972115238 3311
140.72843140000001 4 127.17299652099609 22.405794143676758 2.0000053321620306 3322
140.82925950000001 3 105.60700225830078 22.932638168334961 2.0000147662606826 3251
140.92880930000001 3 114.63099670410156 22.450693130493164 2.0000178724933968 3356
141.0283493 3 114.29000091552734 23.477987289428711 2.0000761561434159 3306
141.12921729999999 4 152.52200317382812 18.644277572631836 2.0000495206980213 3450
141.22879420000001 4 149.70100402832031 18.372018814086914 2.000047273462414 3481
141.3295731 4 123.49400329589844 22.503660202026367 2.0000387484301285 3389
141.4291231 3 114.89499664306641 22.771738052368164 2.0000019387015167 3442
141.5299713 3 109.71700286865234 21.966527938842773 2.000007825127236 3390
141.62953920000001 3 107.24900054931641 23.134727478027344 2.0000237211112051 3412
141.73038589999999 4 158.20599365234375 23.011049270629883 2.000163880659767 3388
141.8299586 3 117.95200347900391 22.369468688964844 2.0001051839246431 3377
141.92942009999999 3 131.06100463867188 24.233299255371094 2.0000106890305696 3376
142.02906340000001 3 116.80100250244141 25.41326904296875 2.0000185969145425 3474
142.1298615 3 125.59600067138672 18.688955307006836 2.0000102360171303 3660
142.22937930000001 4 159.46299743652344 20.931324005126953 2.0000910397321277 3516
142.3288847 3 105.53800201416016 21.581081390380859 2.0000041265176338 3487
142.42977819999999 3 114.98799896240234 22.079727172851562 2.0000009699054249 3505
142.5293116 4 163.38699340820312 26.039249420166016 2.0001969274482652 3515
142.6287724 3 138.7030029296875 23.177631378173828 2.0000621638176468 3413
142.72969950000001 3 109.87000274658203 24.393575668334961 2.0001515010292947 3446
142.8292366 5 154.20100402832031 26.681190490722656 2.00016449057365 3378
142.93008510000001 5 177.78999328613281 26.175582885742188 2.0000207490010768 3393
143.02964460000001 4 180.32000732421875 26.391117095947266 2.0000271525736597 3463
143.1291234 4 147.28399658203125 26.069980621337891 2.0000112726628441 3437
143.2287437 3 107.71800231933594 21.485813140869141 2.0000054090598169 3587
143.32823930000001 5 156.76499938964844 22.211208343505859 2.0000024926253617 3525
143.42907009999999 3 117.48899841308594 24.102466583251953 2.0000312596010636 3625
143.52859699999999 4 147.51899719238281 23.656488418579102 2.0000278458206981 3517
143.62950290000001 3 100.47899627685547 24.192108154296875 2.0000417817792955 3540
143.72897499999999 4 126.5469970703125 24.323781967163086 2.0000539331701046 3551
143.82990989999999 3 114.79199981689453 24.52569580078125 2.0000175381115097 3536
143.92937599999999 4 148.12100219726562 24.051149368286133 2.0000101104201593 3487
144.02894699999999 3 106.55699920654297 25.542835235595703 2.0000329859088297 3524
144.12847769999999 4 141.96600341796875 25.937723159790039 2.0000062439405548 3512
144.22798599999999 4 157.94200134277344 25.967353820800781 2.0000027684556123 3513
144.32754270000001 3 119.34600067138672 22.980644226074219 2.0000092983694739 3615
144.4284159 4 132.07899475097656 24.704124450683594 2.0000139864746478 3684
144.52790680000001 3 119.60900115966797 26.560039520263672 1.9999999783245364 3530
144.6287762 5 172.53599548339844 26.991783142089844 2.0000780700342151 3560
144.72963250000001 3 116.73100280761719 25.222314834594727 2.0000380229370189 3498
144.82920490000001 3 119.29299926757812 25.875789642333984 2.000036130609486 3453
144.92998850000001 3 105.54299926757812 28.711713790893555 2.0000024484991643 3640
145.0295941 4 138.57600402832031 28.469606399536133 2.000203424914444 3759
145.12910669999999 5 177.48199462890625 27.571121215820312 2.0002061482772282 3764
145.2299706 3 115.66200256347656 27.934488296508789 2.0000117414404266 3802
145.32937949999999 4 157.93800354003906 23.727178573608398 2.000020366679756 3983
145.43037709999999 3 121.63700103759766 23.97462272644043 2.0000139586627115 3993
145.5298726 5 181.29800415039062 25.540275573730469 2.0000189938634536 3892
145.63073700000001 3 117.02400207519531 23.735679626464844 2.0000264535141334 3940
145.7302329 3 123.79900360107422 26.052192687988281 2.0000859965948696 3914
145.8298403 3 129.84500122070312 28.402442932128906 2.0000026720493653 3934
145.92931669999999 3 115.44699859619141 28.29011344909668 2.0000105850066117 3870
146.02890410000001 3 123.91400146484375 26.18889045715332 2.0000054087931058 3823
146.1284191 3 129.06700134277344 26.665746688842773 2.000004444106148 3916
146.22793160000001 3 120.75599670410156 25.614234924316406 2.0000055162089088 3891
146.32877980000001 3 100.73200225830078 25.942859649658203 2.0000071820623515 3974
146.42836729999999 3 112.00099945068359 20.258522033691406 2.0000044117523319 4087
146.52920330000001 4 134.80400085449219 21.721500396728516 2.000016488561954 4050
146.6287528 3 134.19500732421875 24.459354400634766 2.0000366741555928 4040
146.72958629999999 3 124.22000122070312 24.654312133789062 2.0000000048202451 4112
146.82916420000001 3 124.75599670410156 23.782577514648438 2.0000004971796108 4011
146.9286396 4 155.63499450683594 25.751718521118164 2.0000246703149251 4081
147.02956549999999 3 108.23400115966797 25.99958610534668 2.0000014519188047 4144
147.12907300000001 3 127.08300018310547 27.791477203369141 2.0000038380125731 4140
147.22858869999999 3 119.41100311279297 29.688753128051758 2.0000115965826408 4101
147.3294636 4 143.24200439453125 29.509748458862305 2.0000123853439042 4120
147.42899550000001 3 129.38299560546875 22.836908340454102 2.0000096926956106 4204
147.5285355 3 133.65499877929688 23.175846099853516 2.0000070888729424 4206
147.62938320000001 3 117.86799621582031 24.341363906860352 2.0000047788232362 4199
147.72892160000001 4 165.79200744628906 24.257747650146484 2.0000098804725996 4150
147.82981029999999 5 195.99699401855469 27.529716491699219 2.0001111768464188 4064
147.92930430000001 3 125.9530029296875 26.664112091064453 2.0000016150675775 3959
148.0289008 3 124.60800170898438 29.143600463867188 2.0000032476247469 4076
148.129682 3 121.44000244140625 29.034757614135742 2.0000040662505247 4115
148.2292017 3 131.68099975585938 28.22059440612793 2.0000049213344178 4152
148.32878909999999 3 100.37699890136719 27.898988723754883 2.0000119642155427 4054
148.42963810000001 3 120.99800109863281 22.557806015014648 2.0000042645605474 4223
148.52917729999999 4 154.61700439453125 25.329717636108398 2.0000116707228228 4140
148.6286763 3 130.44900512695312 26.942302703857422 2.0000083051579294 4066
148.72820630000001 3 140.27499389648438 26.152580261230469 2.0000024149723261 4080
148.8278157 5 190.68299865722656 25.625312805175781 2.0000511279466759 4071
148.9286117 3 133.05400085449219 29.10719108581543 2.0001303451268866 4081
149.02812209999999 4 169.50799560546875 27.13035774230957 2.0000979543461064 4093
149.1290175 4 137.73699951171875 28.783958435058594 2.0000412875953382 4107
149.22986589999999 3 136.76400756835938 29.040603637695312 2.000088504105169 4203
149.3294114 3 129.72300720214844 28.293609619140625 2.0000140907944717 4075
149.4289862 4 167.00900268554688 29.137630462646484 2.0000398512593045 4144
149.5283896 3 112.66999816894531 22.354709625244141 2.0000242828470487 4263
149.6280252 4 160.19999694824219 25.789896011352539 2.0000117245989268 4256
149.7288743 4 170.36599731445312 28.035629272460938 2.0001094845193319 4256
149.8284132 4 153.16299438476562 26.861534118652344 2.0000758616460801 4299
149.92922490000001 4 132.71499633789062 27.663822174072266 2.0002031075444746 4296
150.0300862 4 157.48300170898438 29.013378143310547 2.0001744588732357 4201
150.12965600000001 4 159.25399780273438 27.960298538208008 2.0000288909479642 4205
150.23050699999999 3 102.61799621582031 28.445232391357422 2.0000247334340733 4212
150.33000079999999 3 126.48200225830078 28.316505432128906 2.0000128802957375 4150
150.42957129999999 4 159.90800476074219 27.689666748046875 2.0000459190842093 4159
150.5291273 3 120.19300079345703 21.266477584838867 2.0000412400504399 4412
150.6286661 4 156.33799743652344 22.330402374267578 2.0000546821384306 4270
150.72949850000001 3 135.89999389648438 23.841854095458984 2.0000264854666776 4369
150.82901870000001 3 129.447998046875 25.188991546630859 2.0000611396144476 4278
150.9298727 4 153.38900756835938 27.085165023803711 2.0000148912778637 4280
151.02942340000001 3 127.43099975585938 29.016628265380859 2.0000665744675841 4179
151.12896789999999 3 146.7550048828125 29.938947677612305 2.0000016064452515 4201
151.2298323 3 130.57899475097656 28.801155090332031 1.9999999845415415 4187
151.32934299999999 5 183.18699645996094 28.879726409912109 2.0000434686093636 4185
151.42887010000001 3 142.14999389648438 28.859073638916016 2.000006479458881 4225
151.5282651 3 144.83799743652344 29.805242538452148 2.0000256604957283 4159
151.6293646 4 166.89999389648438 26.224285125732422 2.0000449476718041 4384
151.7301425 3 132.77799987792969 27.554393768310547 2.0000038282009474 4367
151.82963810000001 3 128.26600646972656 28.428138732910156 2.0000300850855992 4371
151.92918789999999 3 135.88499450683594 27.314785003662109 2.0000008443422566 4395
152.02872310000001 4 185.41600036621094 27.633050918579102 2.0000148297152625 4353
152.12831510000001 3 130.91900634765625 28.295448303222656 2.0000134954330409 4364
152.22914610000001 3 137.34300231933594 29.590503692626953 1.9999999957824839 4353
152.32867780000001 3 143.82200622558594 29.545986175537109 2.0000126503726094 4282
152.4295122 3 139.82899475097656 28.167436599731445 2.0000232086463727 4268
152.52907099999999 3 116.70200347900391 29.316371917724609 2.0000091930676001 4258
152.62994399999999 3 137.16499328613281 22.500980377197266 2.0000012047464777 4450
152.72946659999999 3 122.43599700927734 22.351291656494141 2.0000033582215164 4366
152.8289877 3 131.45399475097656 23.444562911987305 2.0000234810516582 4379
152.92853349999999 3 143.14999389648438 27.211797714233398 2.0000115981261484 4367
153.02805369999999 4 177.96400451660156 26.840888977050781 2.0000254178223575 4377
153.1288911 3 145.10400390625 26.670730590820312 2.0000019757279488 4383
153.22980079999999 3 142.91099548339844 26.729448318481445 2.0000024746238969 4329
153.3292696 3 131.6719970703125 26.560060501098633 2.0000251695391866 4237
153.43016399999999 3 132.54899597167969 27.320049285888672 2.0000088155093865 4258
153.52966660000001 4 152.72300720214844 26.938987731933594 2.0001466016722604 4256
153.6292626 3 139.78599548339844 27.845146179199219 2.0000648253872026 4283
153.7287795 4 157.72599792480469 23.06573486328125 2.0000206082195064 4439
153.8296248 3 156.28799438476562 23.434093475341797 2.000018949931226 4493
153.9291412 3 144.10600280761719 21.767356872558594 2.0000087241092235 4443
154.02999800000001 3 139.69000244140625 23.822916030883789 2.0000581610523014 4366
154.12956700000001 4 156.6300048828125 25.497123718261719 2.0000138749914362 4478
154.2304183 3 123.73400115966797 27.092016220092773 2.0000023317418547 4387
154.32992709999999 3 135.70399475097656 27.009769439697266 2.00002426033776 4348
154.42949329999999 3 135.85600280761719 26.838354110717773 2.0000174454108506 4335
154.5289918 3 121.40899658203125 28.523910522460938 2.0000060227890337 4283
154.62857210000001 3 114.40299987792969 28.567590713500977 2.0000099865055505 4267
154.7293841 3 149.78399658203125 22.690471649169922 2.000054357782147 4566
154.8289212 4 152.30599975585938 25.9080810546875 2.0000035410489772 4382
154.9284801 3 151.84599304199219 26.839391708374023 2.0000003459450006 4389
155.02935299999999 4 169.19099426269531 27.35407829284668 2.0000154860188513 4416
155.1288697 3 138.82699584960938 26.834007263183594 2.0000179824923281 4362
155.22837680000001 4 158.63200378417969 25.215217590332031 2.0000119490075945 4436
155.32923640000001 3 136.58200073242188 26.870025634765625 2.000005704695405 4451
155.42882080000001 3 139.50999450683594 26.744895935058594 2.0000080908672522 4327
155.52967319999999 3 136.59700012207031 27.011043548583984 2.0000024369285332 4387
155.62921919999999 3 113.66799926757812 26.817804336547852 2.0000064502204564 4358
155.73005499999999 4 170.93099975585938 22.583145141601562 2.0000224319103199 4474
155.82959120000001 3 129.39300537109375 22.308385848999023 2.0000026557785997 4523
155.9290968 3 146.30900573730469 21.343046188354492 2.0000127820210745 4491
156.0300077 4 176.8280029296875 22.366325378417969 2.0000027903725788 4469
156.12949810000001 3 127.75 25.434967041015625 2.0000060151021644 4324
