# timestamp x y z q_x q_y q_z q_w
1671108954.1846623 -46.782997774334056 -145.78175741057916 0.75250318296838303 0 0 0.70710678118654746 0.70710678118654757
1671108954.2855649 -46.782997774334056 -145.78175741057916 0.75250318296838303 0 0 0.70710678118654746 0.70710678118654757
1671108954.3851249 -46.776456230832636 -145.90414054206562 0.74710184482228936 0.00076140371289817063 -0.0018177590090596035 0.70645883664894471 0.70775138865083909
1671108954.4846091 -46.782318946085219 -146.01462555008297 0.72406168869547538 0.0013610846424223092 0.000918791407575675 0.70606065408904484 0.70814945881381297
1671108954.5854414 -46.787947124993757 -146.0688862600438 0.72392685845294025 0.0001578518697989282 0.00052687199374453354 0.70642803941858612 0.70778465836149773
1671108954.6850214 -46.776236639000011 -146.13952660067724 0.73014676252780475 -0.0017710253033411298 0.00018017156159582309 0.70469045562332189 0.70951264453917817
1671108954.7845564 -46.768041444157994 -146.22086064176131 0.71742522530164554 -0.0019808814140175593 0.0010456632293720091 0.70454088225162548 0.70965986777704682
1671108954.8853779 -46.769967168722488 -146.33278568873052 0.72826828184314063 0.0047733429486912947 -0.001306084321821197 0.70482201362810804 0.70936692793367351
1671108954.9849486 -46.761511297343255 -146.41086530925207 0.72279665108192703 -0.0017176545045367838 5.5954270665176808e-05 0.70650699000072426 0.70770397738902036
1671108955.0844331 -46.755810508151725 -146.49546562314768 0.70700659196674809 0.0011364069809460789 0.0036741370759393287 0.70965119417346834 0.70454268281211396
1671108955.1853447 -46.747117556544303 -146.56116714986589 0.70004611725648858 0.0013107027035390837 0.0026951433304882953 0.70754410086891173 0.70666283586053547
1671108955.2848411 -46.758720838509888 -146.65477189953458 0.67641768687926218 -0.0030216638681748636 -0.00047001447910369063 0.7070088254881024 0.70719811178749004
1671108955.3857126 -46.756465703417035 -146.72672172397981 0.66728066119384011 -9.8277695420909952e-05 0.0048490577001972096 0.70768232522141605 0.70651412126731372
1671108955.4852455 -46.754475471377233 -146.7905525177751 0.66491257862076159 -0.0022769622317718977 0.0057286648778504959 0.70685922591527128 0.7073273871271889
1671108955.5847688 -46.740228738498409 -146.87673126186476 0.67718391537228584 -0.0021974970771743642 0.0038770118441426335 0.70606066698864933 0.70813732730120915
1671108955.6856427 -46.714419203990872 -146.98468556649067 0.67680438794982611 0.0052268020914475405 0.0058312116107676233 0.70697258395957885 0.70719759829948781
1671108955.7852144 -46.690899856894276 -147.05868013344579 0.64467160527175282 -0.0055812572756955186 0.0035591291185175134 0.70749110441532159 0.70669124753341117
1671108955.8846967 -46.710142492808401 -147.12677904701567 0.65299633514974254 -0.0039681126670871392 0.0074945346376267099 0.70990063608381582 0.70425078837032229
1671108955.9855967 -46.676702318383008 -147.21384862183501 0.65652314989548166 -0.0022399590196863018 0.0043641063937182069 0.70877073014215386 0.70542185198130392
1671108956.0851216 -46.682961322899722 -147.29464045955893 0.65515209925491358 -0.0055834767804300101 0.0026183452845505374 0.70849301032386713 0.70569088372830657
1671108956.1859872 -46.677503255569938 -147.40115282806605 0.6166730469994246 -0.0024409413700221786 0.0081848399475963722 0.71017408521618708 0.7039743027182257
1671108956.2854824 -46.708702075096404 -147.46449954397642 0.62383074541185046 -0.0063757648363956809 0.0064140119514939113 0.70862018347205658 0.70553217194502615
1671108956.3850117 -46.713309240618443 -147.52362786129052 0.63646508311633943 -0.0073175716992958644 0.0064605763158205893 0.70800694302343492 0.70613800544136107
1671108956.4845495 -46.697391301054324 -147.61590387228466 0.62765174325499684 -0.0055352267901620147 0.008393582291573793 0.70879600234511464 0.70534185761251977
1671108956.5854363 -46.685944203968347 -147.71806580858492 0.62095314643848676 -0.0057162048709722369 0.0048659125453067728 0.71012427396323508 0.70403633672216281
1671108956.6849294 -46.702964371350966 -147.7997104708258 0.60989845466446124 -0.0064876172588766764 0.0068798705439082463 0.71096756962139795 0.70316121419646294
1671108956.7858458 -46.688834727168924 -147.87951742409246 0.61464705397253849 -0.0048741299943165384 0.0067304926924954224 0.71141389988678772 0.70272413248214705
1671108956.8853211 -46.687040781111733 -147.96403239644431 0.60313233266712629 -0.0065329839055404283 0.0067897914575877636 0.71096401794856201 0.70316526082827036
1671108956.98491 -46.702356637688169 -148.06231487435437 0.59083592513650651 -0.0044643678460204068 0.0078185159560806797 0.71101564036345843 0.70311855286752378
1671108957.0857687 -46.710863460071572 -148.12613391207458 0.59168425100445732 -0.0065210606832467695 0.0080996282572300959 0.71147417251329736 0.70263530628355031
1671108957.1852832 -46.706806004868334 -148.19289621614908 0.58756636436998366 -0.0088550260716762468 0.0086352840133209138 0.70922967804390658 0.70486898368775985
1671108957.2848272 -46.696183977247941 -148.27934917503475 0.58294772465103306 -0.0081336499960396255 0.0088515143617373584 0.70819839721151545 0.70591113082192358
1671108957.3856988 -46.667204268596507 -148.40464286599365 0.5856494514547288 0.00023305621463263459 0.0048350233794886219 0.70864312054972289 0.7055504914116858
1671108957.4852123 -46.662158696896768 -148.47637712081951 0.57891896064449089 -0.0029611164048226179 0.0077314432025962342 0.70932032341510154 0.70483766596709163
1671108957.5847647 -46.65331579830162 -148.54648397691884 0.57559783720746627 -0.0018304425322637865 0.010811334319842244 0.71145107851973455 0.70265007464844631
1671108957.685607 -46.639837158387529 -148.62630578388311 0.55890474288724357 -0.00060268994439622008 0.00996995316091988 0.7114347766301109 0.70268114774772805
1671108957.7851446 -46.635414648629727 -148.69862277801334 0.54532365045920006 -0.0026197020808455852 0.0074683260137445254 0.71267284792608976 0.70145190362310428
1671108957.8859773 -46.628356603901089 -148.79570099509732 0.53760951359122977 -0.0029622360928304669 0.011903138856750187 0.71244546694148869 0.70162026558332191
1671108957.985527 -46.627698274249958 -148.85588795664609 0.53043351810276507 -0.0053076926194528303 0.012326398370647825 0.71197362141803955 0.70207795201611878
1671108958.0850601 -46.625938623412139 -148.93218794263936 0.53145249471887945 -0.0054276534990982585 0.010406355076001765 0.71247047660762763 0.70160392552637962
1671108958.1858721 -46.610337381909041 -149.02616166128814 0.52200508446954186 -0.0026204037410866641 0.012722030544808118 0.71293662934459201 0.7011081556805786
1671108958.2854753 -46.590109258010983 -149.11013986939565 0.52205364723764358 0.00048623141438800747 0.0090590899529227348 0.7171684866539394 0.69684076963014618
1671108958.3849502 -46.574309221572427 -149.19047461550682 0.51381143939942109 -0.00052691381706245703 0.008269395873437696 0.72012271272115969 0.69379724565382683
1671108958.4858265 -46.569988623870913 -149.25529325051457 0.51497695485353456 0.0023275588681995907 0.011121626023974356 0.72190343847076655 0.69190051122136265
1671108958.585402 -46.562186287723485 -149.32763961151167 0.50404232444316144 0.0015667195888734403 0.011904200638133897 0.72223559797942849 0.69154289556627968
1671108958.6849241 -46.538437095954642 -149.4019333919756 0.50330282783918068 -0.0053368180848944336 0.0083311752486169774 0.72289934865971495 0.69088250925831474
1671108958.7857585 -46.543707014497741 -149.49896700429022 0.49939940330348903 -0.0041846651010499485 0.01069554471697404 0.72445122351072255 0.68923038140741932
1671108958.8852868 -46.544703690049424 -149.57323190585151 0.49656843066029244 -0.0066105157658954148 0.012996297284896872 0.72188005963134105 0.69186456539184205
1671108958.9848943 -46.542646104797164 -149.66189844984785 0.49318016528561703 -0.0065416056980315204 0.012120091393092699 0.72133547313195623 0.69244887607751304
1671108959.0857038 -46.524479237511009 -149.7647039404869 0.49108365750685329 0.0034913101189222823 0.015340637190752869 0.72308726605781404 0.69057749838035642
1671108959.1852908 -46.498767465322466 -149.84289312029406 0.48344824060723174 -0.0048140731784972477 0.011472861592132401 0.72422955830897007 0.68944669483428078
1671108959.2847738 -46.496936953070758 -149.91286876040473 0.48103982739076007 -0.0033522843234865996 0.014059135005914982 0.72660320336333906 0.68690529753004115
1671108959.3856015 -46.472626459344475 -149.99062458120511 0.47656402020901434 -0.00030014524400960384 0.012802786152269728 0.72627115880177739 0.68728902397193492
1671108959.4851789 -46.469515257407721 -150.05803198012487 0.47781182792708271 1.8473310135157872e-06 0.012809731358793802 0.72662012723885105 0.68692001096961686
1671108959.5860295 -46.466692524136604 -150.15132416448071 0.45599924312829965 -0.0027027114202432105 0.01405273866090517 0.72677170917910172 0.68673000416757279
1671108959.6854739 -46.45493757099733 -150.21493730470613 0.45245401636660093 -0.0022057875326108038 0.014841399768630831 0.72654075369309601 0.68695953343507576
1671108959.7851202 -46.442993131193518 -150.29617807487995 0.45919175722077482 -0.0038584964337613752 0.014500168713790675 0.72479632780256265 0.68879978245965079
1671108959.884613 -46.424351119858024 -150.3906027222842 0.4486171079285442 -0.0033128917472350656 0.01532611365779208 0.72438754195895194 0.68921464294012713
1671108959.9854741 -46.396970610450211 -150.5116373815097 0.44772930261865251 0.0037243128154411803 0.012131694436033348 0.72799797512231723 0.68546181491164726
1671108960.0850105 -46.390388166085629 -150.58352617264092 0.4280037281345575 -0.0016752114713314637 0.011287957913413235 0.72886714266090569 0.68456005143595555
1671108960.1858969 -46.374711873507501 -150.65712577760368 0.4200606799043714 0.00061042630359964148 0.016446516963774093 0.73000043918408142 0.68324848938767224
1671108960.2854056 -46.366361227189003 -150.73310079512223 0.41056596121266475 0.001756475254991488 0.014691158135919563 0.72877532097680986 0.68459302961865698
1671108960.3848889 -46.36581220567264 -150.81390855705291 0.39438498632460822 -0.0053577026768574188 0.010056496911270486 0.73010392560368975 0.68324111389024422
1671108960.4857969 -46.334559819281104 -150.91014753141181 0.40374990141987793 -0.0020139216087265992 0.015583585003418264 0.72832496914801759 0.68505170265735016
1671108960.5853648 -46.319098934836688 -150.96632647729368 0.40055617357417933 -0.003099242306588298 0.01716905535713072 0.72736232675661217 0.68603182422572506
1671108960.6848812 -46.303483817910404 -151.05443478481695 0.39773287429064502 -0.0024128196953981406 0.015702443424799765 0.72681878597584249 0.68664551547666208
1671108960.7857413 -46.283887107802926 -151.16037680757492 0.39414161644801493 0.0038096625149348271 0.017413055514504099 0.72728695397018694 0.68610200302428637
1671108960.8852396 -46.252391946284845 -151.25543618604169 0.40809415328577153 0.00060055334164850092 0.010460961358339843 0.72980341270851679 0.68357675971477028
1671108960.9848125 -46.251326055417209 -151.33490715246052 0.40354254260286676 0.0014201803704532406 0.01209239450804671 0.73048932146404122 0.6828155741558487
1671108961.0856135 -46.245800009885428 -151.39551355289669 0.3833516446262597 0.001282262960983073 0.015198339275864075 0.73105638102640713 0.68214656346384028
1671108961.1852083 -46.226395726777611 -151.47053954251408 0.36250355072319501 -0.00018500500435674873 0.016776390334691232 0.73067742791548029 0.68251667733126087
1671108961.2847362 -46.196040832990036 -151.55481332352161 0.35838130394555623 -0.0052601327122247365 0.01430400879782895 0.73098626518691301 0.68222196273958335
1671108961.3855753 -46.216059180214998 -151.63417973679378 0.36382488286867731 -0.0023070558404222961 0.015276641577145434 0.73214529268381012 0.68097325359841454
1671108961.4851069 -46.214896777076277 -151.69175504097865 0.36097514758035537 -0.004403928648094255 0.016684473917151044 0.73046293194823153 0.68273431054266143
1671108961.5846725 -46.208175967584552 -151.77701363955291 0.35847318852916349 -0.0043677639342084018 0.016686765803538582 0.72997519370246788 0.68325594842948667
1671108961.6855011 -46.16535211343691 -151.8874505602777 0.34972782944589847 0.0041075891663934676 0.018043768746483623 0.73107228653226342 0.68204901728919132
1671108961.7850862 -46.14616576439105 -151.95417121124714 0.33639054159782822 -0.0063311345875988996 0.016029072452940381 0.73294686985479052 0.68006754924874679
1671108961.8845296 -46.152406735598298 -152.02339566915333 0.3382582719065248 -0.0032483275469854262 0.020707491789367254 0.73419094752796155 0.67861940785681552
1671108961.9854469 -46.123740749523044 -152.09205258564128 0.33048682316243644 -0.0022599003190817853 0.018380847316969085 0.73362110202157393 0.67930634913204613
1671108962.0849619 -46.091712374098599 -152.17439817568808 0.32357028810605398 -0.0017932479198641098 0.019079509282418427 0.73308899195086996 0.67986269677626598
1671108962.1858301 -46.077435409597307 -152.25297663151099 0.32469311436265702 -0.0019620051978879146 0.01890396261894995 0.73282569011876808 0.68015093812686633
1671108962.2853582 -46.097385466537624 -152.34098219190241 0.32391217059344046 -0.0046366776647923293 0.020000476010522576 0.73129114924402039 0.68175636206561718
1671108962.3848739 -46.07839913469553 -152.41394306361377 0.3279583941727876 -0.0043929972372564619 0.01931826503881982 0.72967333173349991 0.68350884059249517
1671108962.4857545 -46.070868374273182 -152.49915787941069 0.32203980329483745 -0.0048350711709624515 0.019952896679732685 0.73009019511208095 0.68304232006667243
1671108962.5853181 -46.047968636403233 -152.63613729857877 0.31211377239003774 0.0016582224337199525 0.015845817175948289 0.7305132943972108 0.68271259479031177
1671108962.6847987 -46.040700498869271 -152.70940743954182 0.32345509119182814 0.00025185911798544596 0.012376717808789678 0.73239592833145284 0.68076644863475433
1671108962.7856951 -46.023379661680757 -152.78519089267701 0.31420211431086059 0.0021923503118445502 0.015943714335924359 0.73355734175428777 0.6794369859903624
1671108962.8851838 -45.999647868438068 -152.8588804917477 0.30626818241849535 0.0021362913059493503 0.015439497816567902 0.7323111899637087 0.68079172969459989
1671108962.9860814 -45.99305751283169 -152.96532122067325 0.30273445383086794 0.00043386443293171907 0.0075321576097912594 0.73258527171982635 0.68063345349944648
1671108963.0855927 -45.99301990358159 -153.04345968270005 0.2986568030331283 0.0016833317909860043 0.012448941044868388 0.73191531088706685 0.68127980151332179
1671108963.1851101 -45.969164394034443 -153.1066826507151 0.28170383791029446 -0.0019498335042883006 0.015655106392807899 0.72909229192437874 0.68423354612996856
1671108963.2859921 -45.961891524432602 -153.19641349538193 0.28485653640851372 -0.00079296504142989876 0.014010071756928722 0.72942952473398071 0.68391202470944124
1671108963.3855319 -45.938757232497629 -153.30820613497272 0.26698248104881483 0.010763565886453337 0.015496388150119529 0.73138258149678337 0.68170633493228561
1671108963.4850893 -45.912643850316108 -153.39239542356916 0.26756686038635663 0.0016900693864314899 0.010360349991564738 0.73213962367100194 0.68107369517872662
1671108963.5846252 -45.889027624163774 -153.47757589735949 0.26025132435858245 0.0036897008937586406 0.012293414270538504 0.73323681130063778 0.67985221675490648
1671108963.6854358 -45.873820417162776 -153.55067192032189 0.27043717232700426 0.0059561622517764097 0.011919747860186529 0.73403657332982974 0.67897919906016324
1671108963.7849715 -45.847900196413697 -153.61857307872586 0.26172878638785319 0.0076300180947936171 0.013334111750674201 0.73443210511190471 0.67850826617557869
1671108963.8858337 -45.838495847413689 -153.71055136058703 0.24546015356332057 0.0033650047782747632 0.010099805706777211 0.7332988833110794 0.67982307875082559
1671108963.985424 -45.830577451574058 -153.76898169309572 0.2551869600284844 0.0034239951741292301 0.01353319257682746 0.73340451079731972 0.67964913926074366
1671108964.0849171 -45.822306194956603 -153.84825452655033 0.24478423001244654 -1.8196883033507311e-05 0.015240162837570292 0.73223801024138047 0.68087828094550196
1671108964.1857548 -45.803860185036065 -153.94411797461137 0.23020231174305072 -0.001147782897882805 0.015436818847749931 0.73202982702457031 0.68109670353383622
1671108964.2853048 -45.821990561103078 -154.05092167593912 0.22076291824653732 0.0052737388625945418 0.014950014951946379 0.73353240194839719 0.67946957255138429
1671108964.3848221 -45.792190095756951 -154.12192674962134 0.23519218598417929 0.0018032740174841694 0.0094368045632027796 0.73604158669589992 0.67686813898767284
1671108964.4843833 -45.762867286191877 -154.20010988843032 0.2338087903529405 0.0035401978744796503 0.012755935118264292 0.73773993069222965 0.67495521909271328
1671108964.5852737 -45.736519586760551 -154.26315909589863 0.21608442900292568 0.0039357376019313849 0.013753844379130411 0.73590797218726933 0.67693042345985921
1671108964.6847782 -45.722492251081768 -154.34320919085516 0.20973214770071197 0.0017207171420610835 0.011295680884003003 0.73606811306849762 0.67681103688523359
1671108964.7855856 -45.696502359545974 -154.42526187994034 0.20160473651513444 0.0006781204754246964 0.014184821570734045 0.73470197892701583 0.67824135317035483
1671108964.8851681 -45.683687787212435 -154.48901157415361 0.204718101363629 -0.00062396558214484771 0.013101992201118337 0.73457276680597039 0.67840312405997594
1671108964.9859886 -45.682868094182012 -154.56874756515995 0.19517388881146902 -0.00040881453660773412 0.012303574461357372 0.73437443917471146 0.67863291845663998
1671108965.085537 -45.6597788284421 -154.66798395530284 0.19544419386908407 0.002391042423940999 0.014140614515049254 0.73564714433271039 0.67721311636174919
1671108965.1851032 -45.628025472587723 -154.76034732041805 0.16354313126318148 -0.0026974460831820537 0.012948906445194789 0.73721061291070322 0.67553353863322529
1671108965.285944 -45.626101835336534 -154.83996451281533 0.18435086597129696 -0.0013048247405694742 0.012335716648945515 0.73842887305781579 0.67421726984831643
1671108965.3854771 -45.607574065446855 -154.93196729521677 0.19669471828564994 0.0017671055256634526 0.013678804510885979 0.73898265024632304 0.67358326157954285
1671108965.4849975 -45.600431341081112 -154.99576511777863 0.1756791278108954 0.0012229420040824478 0.015583236373054869 0.73766819524155847 0.67498244487250036
1671108965.5859427 -45.601340678319332 -155.0928701175697 0.17834870670847591 -0.0044238212138237691 0.011908607639019173 0.7366973704094123 0.67610324603704208
1671108965.6853628 -45.594138485875355 -155.15801021758691 0.16330795772373669 -0.0056083929075091228 0.013236593637776401 0.73653560782770156 0.67624598846850204
1671108965.7849307 -45.575823813681303 -155.22782262635232 0.15568468901775767 -0.0078461449246402179 0.015763726086285304 0.73398212393071094 0.67894048686159514
1671108965.8858256 -45.551108178113026 -155.31562977156341 0.15085270524621003 -0.0079305676099434858 0.015330409891150958 0.7336985674862504 0.67925584038606335
1671108965.985373 -45.522840747221558 -155.43038513991459 0.15665104391723866 0.001762251344373793 0.015369317347779915 0.73652665860973976 0.67623158733649402
1671108966.0848346 -45.507697440906242 -155.50721017227099 0.14777490324676029 -0.0045413459030325832 0.012498214015124113 0.73720129265803236 0.67554231912378904
1671108966.1843798 -45.493057241238652 -155.58537968884855 0.14483048700541251 -0.001573928214294045 0.018316570935295477 0.73863145437198929 0.67385873934487839
1671108966.2852783 -45.467911607336255 -155.66411974133177 0.13719733457341782 -0.00084971086360539775 0.018813160125069329 0.73754206992365057 0.6750385456329836
1671108966.3847876 -45.465289814930784 -155.75247187045142 0.12908025020658964 -0.0065209803264320871 0.013927733863611491 0.73785770793091476 0.67478107404694143
1671108966.4856343 -45.459678075568377 -155.8378877620101 0.13120485766530027 -0.0070397697546758491 0.017467704817711583 0.73782013908251287 0.67473458729671176
1671108966.5852029 -45.447813508030031 -155.90956014184803 0.12696312005370847 -0.0081180731313189244 0.020091927379343451 0.73658816164014262 0.67599429840377623
1671108966.6847353 -45.436847296873104 -155.99582254593523 0.12281840594559901 -0.0091068022005077343 0.017942051769792869 0.7352551084386787 0.67749175230905778
1671108966.7855694 -45.399854415222258 -156.11679404331892 0.12851884907335037 -0.0017516823071601487 0.020370411858291158 0.73728865180906134 0.67526840725995396
1671108966.885112 -45.380233931374548 -156.1920658126563 0.11776207989417009 -0.010936045927751697 0.016525708693110354 0.73787517291408744 0.67464622806969143
1671108966.9846523 -45.372625575488435 -156.28043830581754 0.10773408387526862 -0.009177020243283783 0.020497577817185385 0.73976361569429094 0.67249195125145744
1671108967.0854759 -45.342771360515805 -156.35826552945227 0.10601953873783343 -0.007057820597059174 0.018806828015947425 0.73858656568837255 0.6738593142289071
1671108967.1850736 -45.326291122413053 -156.43592637385876 0.099037708190828522 -0.0076504263830852494 0.019275731896905252 0.73795172152393607 0.67453478326610739
1671108967.2859125 -45.327827022539076 -156.52748394234033 0.10168149519190189 -0.012343850202716132 0.019239529263768696 0.73809692778423908 0.6743073446666209
1671108967.3854201 -45.331708297841999 -156.60795191007108 0.10092685559056691 -0.011558376653868014 0.018127059567995311 0.73787596819631596 0.67459385499639357
1671108967.4849522 -45.330328638077901 -156.6821277609229 0.11083638218492259 -0.012979504395730077 0.018331941823344348 0.73618990545164498 0.67640216992978719
1671108967.5858593 -45.320435769628176 -156.7622569201678 0.10521859359666702 -0.013236884597444811 0.018296191387949499 0.73752178836138282 0.67494566148622437
1671108967.6853733 -45.265827997701614 -156.88513340496644 0.10996712844073764 -0.0027575825390964695 0.017039992369930462 0.73841208091913657 0.67412879566982098
1671108967.7848616 -45.271316066461615 -156.94850124126077 0.094554783665016184 -0.010952907996614908 0.017383940707171128 0.74040589138015112 0.67184592610320359
1671108967.8857803 -45.259296757512537 -157.0188468653798 0.094715583323687236 -0.0091562721352316245 0.02179414350385132 0.74107075628947228 0.67101066471559823
1671108967.9852905 -45.236792665169389 -157.09122550853641 0.087979527064412755 -0.0086300444999703272 0.021316311777490261 0.73949263313875857 0.67277171664513269
1671108968.0848031 -45.229111210785248 -157.18625126863122 0.085949848736822543 -0.010476898470621186 0.013819322955696 0.73947852286884619 0.67295674090330038
1671108968.1856599 -45.231706607301163 -157.27885377579332 0.073430366180837092 -0.010206524734001641 0.022318107114691725 0.73926961536715463 0.67296223128981836
1671108968.2852144 -45.231354496216774 -157.33606986562907 0.067599633321165919 -0.012060160156003776 0.020521984550407376 0.73750493642024173 0.67492212102056626
1671108968.384743 -45.222410485799614 -157.4341234836206 0.076414890851080386 -0.011233247096896501 0.019765484385580224 0.73658606032421492 0.675961622817979
1671108968.4856319 -45.198174018678067 -157.54791621807365 0.074198704469203847 0.0015499782810656478 0.022882858499140023 0.73822743107352584 0.67416187400714034
1671108968.5851467 -45.161251432570069 -157.65025237973779 0.05957969677560021 -0.0082042476022995345 0.016991453092850259 0.73901914778386324 0.67342013635759812
1671108968.6846724 -45.160094963526724 -157.70891977816075 0.037229197506606471 -0.0087783680412266661 0.02387294349046137 0.7423220826625323 0.66956026496141086
1671108968.7855425 -45.133169855660199 -157.79826089905055 0.035993772004544677 -0.0073502006951755156 0.021033796184187225 0.74090360889177531 0.67124168248028671
1671108968.885057 -45.118932835579663 -157.88183549619316 0.037334516373276616 -0.0073568326842608353 0.019686453695027303 0.74212540602639332 0.66993149073911284
1671108968.9859064 -45.106555257817355 -157.95466095785349 0.0228333796329796 -0.0088162344726295389 0.021635691164606567 0.74056350121863257 0.67158013039424691
1671108969.0854788 -45.093673481954632 -158.03692078230233 0.028253452207893048 -0.0086133603622203236 0.021789163879132593 0.74050748402196753 0.67163956737834796
1671108969.1849976 -45.082897050587086 -158.10482938615976 0.033420739954709899 -0.0099442263906633077 0.021507069846062286 0.73989980617623607 0.67229966170487987
1671108969.2858186 -45.0616538217105 -158.1995611236915 0.02079936943426719 -0.0092124200810834653 0.023486374743663725 0.73979543621879384 0.67235870937134001
1671108969.3853946 -45.019197219923136 -158.33754208756983 0.014070440804213213 -0.0042056263019144696 0.018694671781711591 0.74036736755499855 0.67192929911863819
1671108969.4849033 -45.036655730258673 -158.38483691044897 0.011367210713028819 -0.0062419156145087674 0.02234746381684001 0.7420703663328807 0.66992029433433387
1671108969.5857587 -45.003706018321964 -158.45264064979702 0.011741004198044469 -0.0032026954731073668 0.023919387352786325 0.74277585715721028 0.66910509763021908
1671108969.6853151 -44.974761177075656 -158.54242225978078 -0.0085082318857312988 -0.0054271394946729043 0.024153554968147369 0.74130108707881615 0.67071592364806087
1671108969.7848899 -44.943335516335814 -158.62460077013822 -0.00046821901202209748 -0.0076618384919606795 0.019039397381228274 0.74142556052661834 0.67072120570030624
1671108969.8856957 -44.945384866699577 -158.70447164172234 -0.020890610349178329 -0.0086932410424039215 0.024562836408526908 0.74131206157980845 0.67065454742664732
1671108969.9852161 -44.93613040544242 -158.77076614411473 -0.016390408394485745 -0.010141721863249695 0.025860950249146541 0.73951604967224294 0.67256551279932575
1671108970.0847793 -44.92469052295089 -158.85616191628873 -0.014679434751719289 -0.0087495657255487313 0.024181841242452137 0.73984842740284129 0.67228192607215154
1671108970.1856222 -44.922261885310711 -158.97551432088613 -0.013160072565078784 -0.0014386357255485066 0.026020415263616519 0.7407497356834627 0.6712754258883894
1671108970.285198 -44.896659013144671 -159.04659180904926 -0.02565612445995219 -0.0127881997997451 0.022831754549431246 0.74334568157890113 0.66839536997803572
1671108970.3846855 -44.892829314619306 -159.12270675385446 -0.033171935810148767 -0.009804861194550929 0.027711213103040783 0.74558998374263208 0.66575635896923668
1671108970.4855568 -44.873501819922026 -159.1990694027692 -0.028864812470972612 -0.0076488527293925995 0.025701261519821269 0.74439565441326783 0.66720015729828519
1671108970.5851035 -44.868779696428774 -159.28113378661723 -0.039380321888625724 -0.011069090184843393 0.024303429006689862 0.74525239011011579 0.66624747175216847
1671108970.6859603 -44.861299913735685 -159.38080336304307 -0.036368206204474063 -0.009134857018852598 0.029265280952696808 0.7451291633592646 0.66621515115578611
1671108970.7855124 -44.856516834250094 -159.45000674296767 -0.035725258893519685 -0.010720507178392616 0.028697221159296619 0.74448974105117616 0.66693070531587106
1671108970.8850121 -44.844945712237802 -159.52677060072125 -0.017467299775034251 -0.009639099581432397 0.026248383602670254 0.74436303954265082 0.66718945995896295
1671108970.9858637 -44.818645649059114 -159.62855915182232 -0.026683990473300334 -0.0091703378320655733 0.02801467244936668 0.74424928626493236 0.66725113932142466
1671108971.0854216 -44.810574056353417 -159.72533019770532 -0.050154886534065135 -0.01507681911502407 0.025677501360022517 0.74403462809443832 0.66747721133058158
1671108971.1849732 -44.784291542917863 -159.8031141671151 -0.048974394352361672 -0.016757943384833069 0.018227541570422681 0.74593603646204276 0.66555717828681471
1671108971.2858176 -44.738797915792837 -159.88410848326981 -0.043437665839493378 -0.011874618026404103 0.021132575708018513 0.74679411854604161 0.66461338550747862
1671108971.3853264 -44.732098474941772 -159.95595665117949 -0.053848644224554432 -0.012962111995080525 0.02283170157917401 0.74583270381976974 0.66561571117914442
1671108971.4849005 -44.718160463442281 -160.03676574898361 -0.067586828479915928 -0.015536633738771224 0.021746679100694024 0.74673238151281174 0.66458742491892164
1671108971.5857141 -44.7300669270847 -160.10594743778108 -0.064349905381351769 -0.015111204839650645 0.022591886283344915 0.74717130258931808 0.66407552488360544
1671108971.6853008 -44.711965383138505 -160.18109404982926 -0.076948689646273938 -0.017819136810802091 0.025230786058818511 0.74463542918733416 0.66675629985562668
1671108971.7848077 -44.710041568324904 -160.28758956497907 -0.069284916121140183 -0.018117464543302063 0.022442383549926184 0.74428417641010336 0.6672399580695495
1671108971.8856382 -44.648210958944631 -160.40661231852323 -0.052896023246273516 -0.011160746230972206 0.018693343776302954 0.74698032577678719 0.66448957068146164
1671108971.9851956 -44.668301208137258 -160.49471337346881 -0.074818602389283506 -0.019639266501899441 0.02039477404886374 0.74729122692570293 0.66389319514711143
1671108972.0847263 -44.643478344355707 -160.58118222905247 -0.066754796683415885 -0.016576130340066348 0.02267522613978867 0.748342274164145 0.66271781832186627
1671108972.1856194 -44.628696702259965 -160.6667815151587 -0.075358080080151657 -0.015726706940238099 0.023495130812263072 0.74703435946135988 0.66418394688601579
1671108972.2850938 -44.62798881587684 -160.77388026117086 -0.083732113469950964 -0.02200194439236107 0.015966554273337215 0.74651121886525651 0.6648172558650246
1671108972.3859818 -44.615118695640753 -160.85777326848657 -0.085890535801276702 -0.018586897411330367 0.02247253415749486 0.74781318519087137 0.66326838648306163
1671108972.485496 -44.593878503447584 -160.92144539562165 -0.09327782597988854 -0.020689416897299306 0.024291899968342374 0.74570993794350937 0.66550622842815288
1671108972.5850387 -44.574685309029228 -161.00669298159181 -0.077169890248403039 -0.019510742407931676 0.022715368077556922 0.74505308678689974 0.66633268031299886
1671108972.684618 -44.599565130975471 -161.12054642400741 -0.077924662792682731 -0.011443380493485724 0.020830654704130116 0.74727778761917762 0.66408662160780374
1671108972.7854128 -44.51330282867886 -161.21897906636744 -0.090007223545387427 -0.021534190032748379 0.02183046531155217 0.74743139909589451 0.66363093138390417
1671108972.8849652 -44.484835461446458 -161.30202917579712 -0.088754695618525226 -0.018677401953163066 0.025769344383695995 0.74994780759453272 0.66073094481072103
1671108972.9858727 -44.458051144168529 -161.37751198705882 -0.093666786706447736 -0.017955953793184376 0.025805859042066875 0.74904672932454008 0.6617708354488635
1671108973.085362 -44.453703433048148 -161.46761678147911 -0.10247302913330503 -0.020718259300210276 0.023370161659314131 0.75029695801017404 0.66036282760030185
1671108973.1849003 -44.446791847589239 -161.54290087023975 -0.10277128319293266 -0.019860779204319137 0.027413566699757128 0.74955417904027832 0.66107683251907245
1671108973.2857218 -44.430074149846284 -161.61359499463438 -0.1029045606777072 -0.021320418252295591 0.028017326408558835 0.74867850119511881 0.66199771225790049
1671108973.3852777 -44.416197956864352 -161.69586793114246 -0.094534886883571867 -0.020395910355633453 0.026110932101731623 0.74850378288060881 0.66230228225407917
1671108973.4848433 -44.390335177566854 -161.79754673692585 -0.097906336820870687 -0.015705829059532224 0.029637987354546546 0.74828021087629681 0.66253425771808128
1671108973.5857 -44.361501734484825 -161.89510969302356 -0.10262472933605327 -0.024839590769745304 0.026590414925481524 0.74954416171599936 0.66095347355312561
1671108973.6852217 -44.364041218298581 -161.954903891626 -0.10626918436028066 -0.022932002781279191 0.028764859404810203 0.75272340378542768 0.65730828650302353
1671108973.7847667 -44.327304882280899 -162.04244018372893 -0.089596791130304387 -0.018978527719475401 0.027773669029760754 0.75303383053487261 0.65712136539927202
1671108973.8855901 -44.3040550410511 -162.13686711544096 -0.087776179977506474 -0.021110180093186402 0.027159220863062085 0.7520402932332253 0.65821891067655391
1671108973.9851584 -44.271333708757531 -162.22696011544764 -0.10206048206388957 -0.02327857530911669 0.026200710228267979 0.75217139252585841 0.65803482201234842
1671108974.0860391 -44.273032696948199 -162.33205024585723 -0.1081436114978046 -0.02317595117206302 0.026630641048553876 0.75117364564070055 0.65915994898011843
1671108974.1855631 -44.259818080379816 -162.40508589841127 -0.11285611394867312 -0.02518455180151238 0.026901467757047073 0.74903523145053386 0.66150455132895225
1671108974.2850525 -44.241172965819061 -162.49357747004331 -0.11050475295968359 -0.024763076577538432 0.027245506525314996 0.74926269993295269 0.66124872695663917
1671108974.3859348 -44.172348507316549 -162.58849382142424 -0.11810697835981854 -0.022884590168226044 0.025065722271906985 0.75150154972372329 0.65885766737791129
1671108974.4854455 -44.212371965177034 -162.65732775786816 -0.12371984332073488 -0.024485283893413576 0.026446553913822488 0.75133482852323652 0.65893628379889735
1671108974.5849502 -44.185984084302561 -162.72576005184354 -0.10792365364916628 -0.021172142712548671 0.028305731606643611 0.75407412046425648 0.65583743929210836
1671108974.6858983 -44.153879334104062 -162.81641802321971 -0.12352643787190326 -0.020886654372668435 0.031108093220779238 0.75181444958314947 0.65830924921595169
1671108974.7853727 -44.157369088773613 -162.89724888567628 -0.12894202700369067 -0.024105367538894147 0.022214392116069456 0.75300132417840637 0.65720199164662818
1671108974.8849237 -44.148601556310432 -162.9416715522766 -0.094856410682201464 -0.014350204324065677 0.022657988024580241 0.75201894450070139 0.65859562276603878
1671108974.9858117 -44.125577983354219 -163.02772550581693 -0.073358005419001115 -0.016025178380580127 0.021798561872213167 0.74953314044766717 0.66141370391671761
1671108975.0853124 -44.111381855988505 -163.12881651242523 -0.087786059921607484 -0.019358034561961855 0.017272380636980809 0.74951568518342038 0.6614780185531921
1671108975.1849165 -44.118238990049065 -163.24808629480302 -0.095410701973736356 -0.01163909764648428 0.02045497233115022 0.75200541694679601 0.65873665329597575
1671108975.2856936 -44.071520378291233 -163.33855791934579 -0.11104082051217562 -0.016081930211611396 0.023176027910119051 0.7549476301562642 0.65517808187730031
1671108975.3852215 -44.06124167816639 -163.39568407275081 -0.098184787557274167 -0.012868167963527015 0.026434357504939072 0.7561003533638162 0.65379499129289398
1671108975.4847775 -44.034980235423895 -163.47314556096046 -0.093994903974235156 -0.0096297395989346415 0.027424948268898696 0.75563466471216523 0.65434806778429377
1671108975.5856438 -44.025843421736361 -163.53735426888167 -0.110648450896144 -0.012638802215666701 0.027800795285780777 0.75684847092104812 0.65287653390553291
1671108975.6851704 -43.985035642300176 -163.61405245642663 -0.10582051561325795 -0.013023228658976316 0.027043615997949771 0.75755477882721778 0.65208112641380456
1671108975.7847099 -43.994718422186374 -163.69455538608133 -0.10044926453307279 -0.014831803947976256 0.026266032629237636 0.75685101638050234 0.6528909955921961
1671108975.8855777 -43.987568669508768 -163.7906068874523 -0.090314044664055182 -0.014888584958119783 0.024572287255057286 0.75358437815288415 0.65672301447484738
1671108975.9851136 -43.967711395639178 -163.88228017200976 -0.10159458605051053 -0.013568020203335881 0.026559425819057958 0.75469892591493792 0.65539304005364807
1671108976.0846457 -43.958312668335807 -163.97034754114748 -0.11804408526867638 -0.012601366233523158 0.026522812143639451 0.75748110634026677 0.6521963811173499
1671108976.1855128 -43.937085325092077 -164.05144399652778 -0.1106373250983656 -0.015536134818390624 0.025371778829302603 0.75843311220608212 0.6510715134786178
1671108976.2850051 -43.915850163989511 -164.13331840298028 -0.10335291333571084 -0.012354349766005402 0.027436809422613086 0.75878560205674406 0.65064506579390213
1671108976.3858581 -43.884780288957806 -164.20367843901516 -0.11896915648654111 -0.0131727128048637 0.030013518970255084 0.75890947270687348 0.65037072547290897
1671108976.4854188 -43.829469515929183 -164.29921885219068 -0.11806235278248794 -0.014070918348948563 0.021113203152016983 0.75845529695897962 0.65123099160309084
1671108976.5849347 -43.839247753769904 -164.37682222491503 -0.13871433115154513 -0.013870362688373213 0.030874518075962171 0.75744172533473009 0.65202485373980745
1671108976.6857924 -43.821015884040293 -164.45417831194996 -0.13454434365034112 -0.016295160888928992 0.029561345404908616 0.75568385311060926 0.65406613483451248
1671108976.7853599 -43.791555544152857 -164.55128584409059 -0.13936820166707042 -0.014406357459132265 0.029885414175119824 0.7545431877006078 0.65541124248745297
1671108976.8848479 -43.752221083841469 -164.66260189226119 -0.13395722657665615 -0.010008195828026463 0.028072147504421545 0.75658729955087245 0.65321317248588617
1671108976.9857368 -43.739343954297524 -164.73481521267891 -0.13770004135072239 -0.015657712410364965 0.028225501496126921 0.7576975922321203 0.65180711551272119
1671108977.0852828 -43.70770720593557 -164.80357131427826 -0.13974868646264083 -0.013439705166982273 0.031954777532516965 0.7590305907971896 0.65013139345207827
1671108977.184788 -43.674620527097581 -164.8860953021109 -0.15230211416631945 -0.0135562903138113 0.032928135569826718 0.7570805959519693 0.65235031701826718
1671108977.2856631 -43.644148077534325 -164.98364180605711 -0.15342147083394236 -0.019916160949994641 0.02648184836827646 0.75714882894097013 0.65240149377000334
1671108977.3852 -43.623272297827526 -165.06305716212094 -0.14568779919743546 -0.018046811056455055 0.031475506849383765 0.75651708658765693 0.6529666934692695
1671108977.4847465 -43.639413305658849 -165.13302094914914 -0.15003132209330805 -0.019377522653788483 0.032669631713088745 0.75582957795718553 0.65366570650799438
1671108977.5855637 -43.619016062240675 -165.229275428465 -0.15691752666234976 -0.018920147498757735 0.030697228777356575 0.7542876345048185 0.65555310433033664
1671108977.6850898 -43.578409810014072 -165.34129386191367 -0.16469575077593335 -0.011009827786271241 0.033377545932108808 0.75606214679298667 0.65355547071878062
1671108977.784668 -43.562833390642702 -165.4298604507029 -0.1559859974965454 -0.017418135838378437 0.031010577622781487 0.75703465916012735 0.65240591463423103
1671108977.8854637 -43.546520806844534 -165.50119961246847 -0.16868709540143617 -0.018950756968901868 0.034965523255366074 0.75963646579844324 0.6491307424726046
1671108977.9850774 -43.51671893161982 -165.57755353367924 -0.16380194501727829 -0.015861163512960998 0.03342723905761761 0.75864616019012499 0.65045141771678761
1671108978.0858965 -43.505242282262444 -165.64826094458698 -0.17485722586885105 -0.017693041141112913 0.033657514334891246 0.75979110959836771 0.64905438739697041
1671108978.1854539 -43.476721270469206 -165.7321599369794 -0.16706325269341471 -0.020071161463756194 0.032661551557086325 0.76080687189713581 0.64784510124062422
1671108978.2849717 -43.480087907680868 -165.81065137388111 -0.16421885218769322 -0.019456786125960086 0.033213688286152197 0.75868162062123679 0.65032336796059587
1671108978.3858175 -43.470050108814611 -165.88454212698042 -0.16283780760467059 -0.020727118604375445 0.033540126793898124 0.75650072026004123 0.65280326798741439
1671108978.4854083 -43.448647751504183 -165.97188272728621 -0.16506929611265669 -0.021161001209521496 0.03445771036715186 0.75606738245367122 0.65324343962547193
1671108978.5849223 -43.409138793358949 -166.0769789818138 -0.15816928631365307 -0.01587719602357807 0.035099104084463269 0.75714280489863184 0.65211252137121978
1671108978.6857736 -43.380752009037884 -166.1534457291782 -0.15660106781199584 -0.02189406137718692 0.031807043484053818 0.75703158000537663 0.65223626772495413
1671108978.7853274 -43.365547323487696 -166.21652167545557 -0.15603153824880733 -0.019465684253863594 0.03559741494152989 0.75846942396046757 0.65044449732708554
1671108978.8861306 -43.365040964188424 -166.28767507519723 -0.16013536013066776 -0.020568555969289547 0.036177858351570655 0.75740445576974746 0.65161843700939326
1671108978.9857211 -43.364312124752438 -166.38783958964646 -0.15209363254532227 -0.022704452438778867 0.031305880133530591 0.75799589923974886 0.65111186937748589
1671108979.0851831 -43.343076022374632 -166.47265006433724 -0.15230925237089399 -0.023607127970902714 0.036370059620447127 0.75809074890437611 0.65070603093699142
1671108979.186101 -43.344835072813929 -166.54131131702363 -0.14313078822866093 -0.024869174880986545 0.036204626239729962 0.75543810693187285 0.65374614016051247
1671108979.2855968 -43.342034501241891 -166.6291966466099 -0.12825360320657503 -0.025385330658906115 0.034305755484117836 0.75610276798241638 0.65305995465755662
1671108979.3851643 -43.307946557244655 -166.71421271851361 -0.13259293191581972 -0.020696624986541474 0.038595084880167246 0.757145909976769 0.6517761426615043
1671108979.4846797 -43.298287877099213 -166.80683436294794 -0.12830078827217234 -0.027493541876754887 0.035584500501999038 0.75748759348139549 0.65129900522022799
1671108979.58552 -43.278674988691506 -166.8621118120879 -0.12486761347949515 -0.0257566409206679 0.039340988770140785 0.75932086906568774 0.64901517690451616
1671108979.6850889 -43.223664178998767 -166.94139914896786 -0.11167957508564003 -0.024598820345392423 0.03842167301024605 0.75759716740840732 0.65112610530946036
1671108979.7859442 -43.213121174253523 -166.99873887183665 -0.10666908142194159 -0.024175008430637537 0.038654801904001168 0.75795228743604914 0.6507147648759799
1671108979.8854609 -43.207052621720358 -167.10088930001558 -0.10177671459466231 -0.027152004071288559 0.036036391611447761 0.75676677512358193 0.6521259044261255
1671108979.9850044 -43.207201488004252 -167.17876875199079 -0.097974123079329789 -0.028431638312440846 0.038383863242764833 0.75725607033329512 0.65136899291323902
1671108980.0858083 -43.210681109370853 -167.25389398902058 -0.086871450911462367 -0.030237856917658533 0.037656420544534608 0.75563874187728775 0.6532057545482205
1671108980.1854067 -43.210603099327159 -167.3429093681693 -0.086427580672502557 -0.030372994678836314 0.03854143122108062 0.75564545358732682 0.65314009810030282
1671108980.2849607 -43.14124289493337 -167.4671081702441 -0.079679128309339375 -0.023070637856067309 0.037733717597325626 0.75773471411097015 0.65106222072576569
1671108980.3844132 -43.126575511785035 -167.52320436971186 -0.076379331669211459 -0.029737631899092176 0.036009292027417615 0.75952202208551001 0.64880297633708206
1671108980.4852705 -43.089931972015648 -167.58503386869728 -0.08159827615767723 -0.027964924964552232 0.041072723303195759 0.76120942352482457 0.64659972773671215
1671108980.5848496 -43.061422911216688 -167.66525850692094 -0.097929465181380626 -0.028690855166333799 0.040527127034721111 0.76422179056091688 0.64303922247091705
1671108980.6843669 -43.052239394064898 -167.76803839255871 -0.087784080689400523 -0.030201801568171316 0.036228144909847833 0.77052638756074388 0.63566064749284146
1671108980.7852838 -43.040545535797534 -167.83566808283925 -0.09685055976957091 -0.031198582124799073 0.038084658667803466 0.77601199150950984 0.62879376291515754
1671108980.8847532 -43.059814902344158 -167.88788789562284 -0.086019492666423447 -0.031651049200108125 0.040088403232361083 0.78175386298834804 0.62149177686724622
1671108980.985642 -43.039301024888083 -167.98131505630613 -0.068824943192303256 -0.029803039088236553 0.038588121124306304 0.78712098635466832 0.61486851326869463
1671108981.0851889 -43.005090257968753 -168.07050385973454 -0.082693875590711896 -0.03160945093155812 0.034781745914722204 0.79323086930245512 0.60710448915207404
1671108981.1846905 -42.99619674825221 -168.16029583826662 -0.10169599134549506 -0.032911847110160534 0.034171442011933832 0.80081673055258051 0.59702737536707451
1671108981.2855511 -42.969726216048748 -168.23696500793696 -0.088311896236799692 -0.034299492961452155 0.0286459356493006 0.80814764124149829 0.58728216821998425
1671108981.3851347 -42.936649341658502 -168.30805097181499 -0.084765128318592953 -0.031464925043010197 0.030735863673312495 0.81358709960831321 0.57977693687074672
1671108981.4859111 -42.92320057924092 -168.40426255737245 -0.093308295400068242 -0.033754415447688521 0.029884792331554964 0.81939603525419491 0.57145225175406467
1671108981.5855131 -42.838681105832755 -168.48332183442415 -0.079980211706832116 -0.033833309711419429 0.020844018874735866 0.82435542399602146 0.56467598581793821
1671108981.6863687 -42.856061653301118 -168.57002926769556 -0.065935415527969665 -0.030370429699601943 0.02837034735703884 0.82715289500832556 0.56043808638425796
1671108981.7859149 -42.817660795526955 -168.63151949645876 -0.079364139113947851 -0.035651194917887513 0.027752469978024965 0.82897807849199046 0.55745326090244807
1671108981.885396 -42.797034133547541 -168.69423916914164 -0.071607706080190958 -0.033521360138881892 0.026620151115105337 0.83266068404290672 0.55212668040789892
1671108981.9849906 -42.741041430723477 -168.79084176562131 -0.068369239795208092 -0.022045242633255618 0.029278713636745467 0.83708946692381148 0.54583696152809902
1671108982.0858216 -42.707489727608113 -168.87710608278812 -0.060981252795457908 -0.027662206038965732 0.023262925447731547 0.8423676106698369 0.53768991728603288
1671108982.1853642 -42.695797573788461 -168.93961965397895 -0.081394745024293724 -0.030280576756055427 0.020714290775967668 0.84681516844527904 0.53062046259069551
1671108982.2848668 -42.677935302130876 -169.00637970591188 -0.064601528313011025 -0.027309045481925868 0.022114841547110881 0.84869887208944617 0.52770765991438329
1671108982.3856966 -42.605156512900443 -169.09421104820072 -0.068973449391499297 -0.026094979506764988 0.021650780257207462 0.85078211530062342 0.5244235769331812
1671108982.4852822 -42.572965765944865 -169.16758638575971 -0.079477890659123751 -0.025026851306811058 0.0180375926007789 0.85359711951679607 0.52001947994230346
1671108982.5848117 -42.532122020109 -169.23952999064178 -0.069554131199419555 -0.024778080550083851 0.02037532240541215 0.85552191582527903 0.51677184956591216
1671108982.6856771 -42.489155772659181 -169.29096062292456 -0.074078816042095486 -0.028020192416900777 0.020482485730443575 0.85904309898077347 0.51072525949744396
1671108982.7852349 -42.445997648607197 -169.34813533102573 -0.079149724137876298 -0.028652899828283382 0.018137474280570953 0.8662635647095821 0.49843503068584527
1671108982.8846865 -42.415078894584624 -169.4270476166904 -0.07969597896523789 -0.024976759154913791 0.0179024773081819 0.87456774275370364 0.48392863744878656
1671108982.984273 -42.369465290243177 -169.47513413509429 -0.076708961586840541 -0.025180176729459675 0.017164755729110748 0.88526433207313104 0.4640887762268619
1671108983.0851181 -42.313755603965369 -169.51985290224701 -0.073840217374637807 -0.023833697429560177 0.018876045205076079 0.89199633827807057 0.45101904869170001
1671108983.1846676 -42.300438136836142 -169.55358284128607 -0.079303082583099704 -0.024300517412888169 0.018802368054727497 0.8990911553170815 0.43668186387757846
1671108983.2855368 -42.244024393460151 -169.65554633454829 -0.088303126834146761 -0.025186511665642172 0.01164026224093055 0.90594804884778135 0.42247872930359093
1671108983.3849998 -42.201469627842307 -169.69060445334316 -0.078123590475693394 -0.023351881018158539 0.018052883354953055 0.91301259638745091 0.40686211656202625
1671108983.4858899 -42.184017799982428 -169.71481272010357 -0.084319078975543416 -0.027418358845918596 0.019862871516259758 0.92155016050546767 0.38678030147057874
1671108983.5853617 -42.117679358823594 -169.77303293039799 -0.077819222931936438 -0.026652433434330408 0.018672981618573701 0.92897094167645089 0.3687193472958385
1671108983.6849923 -42.11500120578706 -169.779952548258 -0.10202839537039404 -0.031403350809608023 0.016574636636692727 0.93605405852028389 0.35005986703133402
1671108983.7858863 -42.10750532876402 -169.81018313349188 -0.077607590449624786 -0.029345578097977415 0.0096460675110876075 0.94563477605403068 0.32376019017925939
1671108983.8853347 -41.970799872209135 -169.91362956936212 -0.073615635187178952 -0.030002290873488244 0.0045644316183567389 0.9512732295581674 0.30685219769836769
1671108983.9849167 -41.943810775837299 -169.95963558267056 -0.065960631427355199 -0.029326386665270876 0.0060929069274068635 0.95772316497195975 0.28612790637479846
1671108984.0857735 -41.904121253673729 -170.00114585492685 -0.07403345353640628 -0.031030104890764215 0.0040504690546255256 0.96221594728691018 0.27048326579967891
1671108984.1853356 -41.828067821939293 -170.05122703088335 -0.090656284037232471 -0.031620765440269559 -0.0025556883590215299 0.96577234205509754 0.25744393364652168
1671108984.2861419 -41.822674616259334 -170.05428380460515 -0.089282642785459887 -0.03386781965309469 0.0023335269150798412 0.96938472118197605 0.24318879041400035
1671108984.3856649 -41.742364575636387 -170.10893788178711 -0.076795921535790013 -0.035957227921174298 0.0019350460790700089 0.9718602918708279 0.23278940362835659
1671108984.4852428 -41.677527030524608 -170.14750179625972 -0.086834223653376175 -0.038073449094640083 -0.00025503454364741936 0.97432851910387208 0.22188799943276563
1671108984.5847962 -41.60267008806467 -170.19119495235756 -0.080241244258172917 -0.03264301551424386 0.0030580358380367183 0.97776957987914725 0.2071031883335118
1671108984.685617 -41.564962396603825 -170.23012667623163 -0.075422959130629963 -0.035489116777082039 -0.00063137429442294043 0.98018910553288574 0.1948574898522617
1671108984.7851734 -41.509610316747427 -170.24061469106189 -0.09646981162130841 -0.03808733566767715 -0.0014868802116523561 0.98363810090450188 0.17607734237532857
1671108984.884661 -41.472812001559141 -170.26181098022758 -0.087606890298053741 -0.03594700128171311 0.0011498767739191575 0.98578386923902239 0.16412389841336139
1671108984.9855099 -41.420984681329131 -170.28304106067046 -0.091954773189500072 -0.036199013962819972 0.00025808542437906858 0.98854942525703049 0.14649095058749576
1671108985.0851002 -41.33993344093561 -170.30032349783536 -0.096554672078043358 -0.034544397380696923 -0.00250310740919518 0.99048066800682644 0.1332233664476819
1671108985.1846583 -41.29599496102631 -170.31785613718665 -0.10514360638316728 -0.036596405504050841 0.0010228355105231107 0.99222659976772354 0.1189370910401096
1671108985.2854495 -41.281398349604011 -170.31948017075601 -0.098269195870310133 -0.039931294378084549 -0.0010188665678573048 0.99388180346744481 0.10297288175294957
1671108985.3850124 -41.227408653861282 -170.34397098402752 -0.091313448577374279 -0.0414354602446175 -0.0015126336757251132 0.99538142632486715 0.08658308553726296
1671108985.4858499 -41.185348606538774 -170.35801414824334 -0.093957493068277886 -0.040135149397058631 -0.0012235496284848935 0.99688681446846628 0.067855374496764348
1671108985.585433 -41.075484450763462 -170.43515247798413 -0.095725422286242312 -0.041057399793382555 -0.0079066229992863779 0.99774490036383723 0.052506085674996782
1671108985.6849597 -41.040425924107431 -170.4319510219749 -0.093778889115154862 -0.043096057044992732 -0.0084041742625107496 0.9982585477791267 0.039395069590610905
1671108985.7858019 -41.017595847412942 -170.41173491707221 -0.083086262224242202 -0.043762993143219936 -0.0052975493305806275 0.99873960613686186 0.023998656958727927
1671108985.8853238 -40.952085250166803 -170.41125845608227 -0.098020493532344766 -0.04560463019755312 -0.0059648358059106836 0.99888930879301974 0.010236562770591429
1671108985.9848709 -40.881400303969905 -170.42687551683355 -0.076548832182586235 -0.041424380613399925 -0.0099933804173567148 0.99908232381320217 -0.0043201021564278136
1671108986.0856986 -40.838969740310311 -170.42587840636261 -0.091328106064722026 -0.044867521217336899 -0.0039657787468451704 0.99878928268452583 -0.019777434951813087
1671108986.1852884 -40.788424905455109 -170.41487529104762 -0.089135606994852512 -0.048574193722829957 -0.0060425121664889388 0.99821214495170463 -0.034300866196233987
1671108986.2847669 -40.674632487866283 -170.45684342478216 -0.093983839571848582 -0.049630455380362037 -0.0068707767796106767 0.99736645664265677 -0.052438168248462792
1671108986.3856289 -40.597919089114669 -170.43466797510982 -0.082913154159300118 -0.047347611235037522 -0.0040864029344771773 0.99616864034611086 -0.073413520637370597
1671108986.4851725 -40.540077491676804 -170.4264289323412 -0.06208476425968118 -0.047906897746552921 -0.0094005914937816595 0.99444209615778212 -0.093281699261885426
1671108986.5847402 -40.491463358649611 -170.41679820984751 -0.06393269128445539 -0.049082082161272134 -0.008875985919248465 0.99232567733646015 -0.11314555308721121
1671108986.6856098 -40.435603551685809 -170.38789584512114 -0.056276732038427202 -0.049480950541706904 -0.0079095575194184607 0.99061910345857485 -0.1271332619587236
1671108986.785131 -40.393093816876409 -170.38883074048459 -0.057552178665250586 -0.050393312148297183 -0.0094954947034548744 0.98911019712949233 -0.1379542228622149
1671108986.8859386 -40.298313630846145 -170.37899988126159 -0.066354109399765826 -0.052396266975436569 -0.014217692877371981 0.98707211629873437 -0.15080161020964331
1671108986.9854774 -40.257132048842308 -170.38383443380147 -0.072709117019455927 -0.054790968354957593 -0.010922758645645224 0.98464626490513552 -0.16537949128794868
1671108987.085063 -40.19181732042432 -170.37209154835193 -0.07005399153642361 -0.05722306123938365 -0.012733772510199574 0.9831930635274696 -0.172901047225057
1671108987.1858931 -40.110510691541435 -170.36066928452104 -0.066547152144461996 -0.057339808735980838 -0.01242494036152739 0.98122589592358156 -0.18372127900735483
1671108987.2854285 -40.071763233461979 -170.33334073399453 -0.049264128843136246 -0.058713869253082245 -0.0088988100753329014 0.97899694683317762 -0.19503453752577146
1671108987.3849654 -39.963996900591255 -170.27912034715115 -0.045476953197550074 -0.059627597587843993 -0.01182736734419996 0.97670441721151391 -0.20579879588356265
1671108987.4858131 -39.905926218414308 -170.24399202023596 -0.038653831450641274 -0.060314598268009861 -0.010272266171724069 0.97415191675017665 -0.21745039175734501
1671108987.5853763 -39.827357928016781 -170.18730041020959 -0.042274469984695362 -0.060593495415203376 -0.0094877792604164696 0.97231351077546213 -0.22548801990697556
1671108987.6848478 -39.765996374714376 -170.16114456063957 -0.048213411634229209 -0.061470788493989487 -0.012398938392963963 0.97004556534181308 -0.23468960277212317
1671108987.7857201 -39.700816750782728 -170.11514430755676 -0.042598913223296453 -0.061525932408202755 -0.010659611580223882 0.96761649974132835 -0.24457972473326561
1671108987.8852694 -39.644107966151836 -170.10693153725416 -0.031132217354327529 -0.062885177800224443 -0.009241475679527095 0.96459165382215861 -0.25597459037359921
1671108987.984818 -39.583674072015285 -170.07960845006852 -0.027782741675525968 -0.062851025228471441 -0.011137489821531144 0.96185355552746732 -0.26601398960839373
1671108988.0856943 -39.508913216590884 -170.01673019341527 -0.034113169101998297 -0.063290137771650129 -0.012249324164141659 0.958535069103568 -0.27758752460617769
1671108988.1851845 -39.451804460513593 -169.95850180229098 -0.016782318287342834 -0.062211803508203746 -0.0087046417633720608 0.95389255902498604 -0.29350111848644039
1671108988.2847424 -39.377375491046905 -169.87925645448118 -0.013331297440081935 -0.061581458556384749 -0.011571956096742612 0.94850174261223896 -0.31051289515205216
1671108988.3855748 -39.308379971221086 -169.83057854252905 -0.0049747238628567447 -0.062993023574776597 -0.0072839726644525178 0.94293700065633312 -0.32687709542941279
1671108988.4851508 -39.237804130604864 -169.76075973959118 -0.013743747242540183 -0.061648633966576404 -0.0081755857696695893 0.93836154308280706 -0.34001502935992578
1671108988.585979 -39.164621917030217 -169.72565771127938 0.0089460946928708873 -0.056729334936884146 -0.016204846488852124 0.9341129907823853 -0.35206832569755381
1671108988.6855025 -39.120964685434103 -169.67444577841758 0.02244485831186166 -0.061804568722532573 -0.011814299532688335 0.92901666179303199 -0.36464867985844224
1671108988.7863774 -39.060803922107816 -169.6395748007387 0.006821659030020133 -0.066275524704172001 -0.012550637182199609 0.92545205315127643 -0.37281165975542452
1671108988.8858905 -39.003800497174261 -169.56108493200242 0.0011132222212850151 -0.06582808990283838 -0.014277730545657853 0.92216155953121681 -0.3808948242141964
1671108988.9854426 -38.938699089807272 -169.55777866350414 0.010881447574496217 -0.064889848121308727 -0.010753285728504456 0.92258120473185123 -0.38015469894815279
1671108989.0863018 -38.896796930769085 -169.50349318450986 0.012943014954030385 -0.066798192811674595 -0.013953122639506226 0.92174710181133912 -0.38174021547133086
1671108989.185823 -38.864746277198194 -169.44001545993984 0.00013802710399024587 -0.065363761945788926 -0.015157761155069545 0.92092345676541609 -0.38392422127328313
1671108989.2853386 -38.804860137569904 -169.37703330827952 0.0081450352072715004 -0.063881873140574197 -0.012812792774654544 0.92113163818218391 -0.38375961716310347
1671108989.3848946 -38.74947891804576 -169.31969606970847 0.013582341578602664 -0.062210622700358438 -0.012792363297353072 0.92062999396331824 -0.38523578244966139
1671108989.4857531 -38.677884859606621 -169.25516708822846 0.024334441932290729 -0.06188305234167174 -0.011862477411828163 0.92137358050939278 -0.38353682300638803
1671108989.5853348 -38.618237162894012 -169.20350962293148 0.0377555641390383 -0.062629986648388425 -0.010748573994674082 0.92069169337820445 -0.38508279457004829
1671108989.6847796 -38.568630921152234 -169.10121359716058 0.034933503754436879 -0.063553538950394547 -0.012533558933947074 0.92120645047253924 -0.38364375818604818
1671108989.7856867 -38.50762898955643 -169.01699850068985 0.040656108620762743 -0.063687079691620824 -0.0079699860946066611 0.92129828348391285 -0.38352302154055967
1671108989.8852258 -38.438188532060387 -168.95771329185368 0.022611349397152591 -0.060470412830892328 -0.011993112461105957 0.92149864727279263 -0.38345760847839488
1671108989.9847531 -38.393544350722429 -168.8889351377189 0.041556201668083603 -0.061807715337251809 -0.012379287062682608 0.92166378932067461 -0.38283471502942884
1671108990.0856595 -38.363013257139919 -168.86129519098998 0.057735663510858903 -0.060744657958881294 -0.0092482740349777038 0.92453917809006902 -0.37610086962591838
1671108990.1851311 -38.302020416706803 -168.79707195923478 0.057266397707909256 -0.060596393813080664 -0.0073482524608262751 0.92704550674690755 -0.36994689978832307
1671108990.2859914 -38.241451957795022 -168.7175598565787 0.053511846142262121 -0.057624920717313219 -0.01361079903565156 0.9299765303741766 -0.36281919411070651
1671108990.3855472 -38.193681463953851 -168.68428933621348 0.059252303730696398 -0.059054925267060396 -0.010971811526968423 0.93381729175469763 -0.35267180320156083
1671108990.4850974 -38.154682656320929 -168.65572416195869 0.058920314019173303 -0.061248663765402681 -0.013798304802145065 0.93752250509436164 -0.34221303366928102
1671108990.5847111 -38.118416733515261 -168.61741801876127 0.06385238835215562 -0.06202679198641016 -0.014379679832871429 0.94028457445673741 -0.3343812508537089
1671108990.6854753 -38.047193130505086 -168.55690686130524 0.078646498738229209 -0.059754759512555614 -0.0020209044024297133 0.94470878452601437 -0.32241370488918947
1671108990.7849555 -38.023076840686798 -168.55174801927208 0.078467161306738809 -0.059628528089831434 -0.011738119411888216 0.94824675488941212 -0.31166447829711286
1671108990.8845186 -37.994692831465599 -168.48412396713792 0.082800388843566053 -0.060084297628996336 -0.010997642207075487 0.94963171455650397 -0.30735734211628973
1671108990.9854603 -37.930231482139227 -168.43797624811828 0.075972129023820112 -0.059735023333184145 -0.0089969420987383326 0.95258579325847748 -0.29821315950570176
1671108991.0849152 -37.880039018872381 -168.3972688750118 0.096531857261806686 -0.057723879191928174 -0.0068882271799129841 0.95555810888537884 -0.2890141979916418
1671108991.1857924 -37.816712139675019 -168.35395256217868 0.084527759193442742 -0.05781992450921869 -0.013228811226456976 0.95855509315786958 -0.27866465198225449
1671108991.2853339 -37.782937874898316 -168.33881792457402 0.083786930972523876 -0.059576365491454855 -0.013682284363050121 0.96131776678563396 -0.2685732731150266
1671108991.3848448 -37.711177326560019 -168.31171047925503 0.094883000677823959 -0.0591855551475979 -0.013746868626470501 0.96340546232154933 -0.26107088852233029
1671108991.4844015 -37.6391193369329 -168.25709494531304 0.091616236324980727 -0.058948490358485789 -0.013084862213665897 0.96413987589347117 -0.25843405653556373
1671108991.5853243 -37.542186445981265 -168.19473609295338 0.11119090254828323 -0.05351352896601063 -0.0081940327725584673 0.96541682370532433 -0.25502846223754866
1671108991.6847835 -37.45431721481085 -168.11245623991491 0.10444933190345757 -0.055395915506970858 -0.014632000482493222 0.96704887261814776 -0.24805982156527115
1671108991.7856307 -37.429666429907087 -168.09792260595262 0.10435649383817797 -0.056121873555720042 -0.013370499171492576 0.96786351354046751 -0.24476883833037694
1671108991.8851478 -37.346748718926314 -168.06526252414585 0.1113035764437168 -0.055107694322697798 -0.011222025530647918 0.96914371749943062 -0.2399951312023002
1671108991.9846783 -37.294004332110283 -167.98740281487554 0.11163432635106141 -0.050233352059749693 -0.015477338169514803 0.97009521533208787 -0.23696484029032222
1671108992.085566 -37.219261985179784 -168.00741223822683 0.12392676904320243 -0.052592936975251539 -0.012709850812699387 0.97010354301932344 -0.23658309004236042
1671108992.1851344 -37.160088740581273 -167.98419256834686 0.11908412558145348 -0.054757174832489215 -0.012652087081229228 0.97115237616467653 -0.23174261318660352
1671108992.2859416 -37.115190919709207 -168.0022235114038 0.10800703948885193 -0.055465722775226454 -0.015235827579882755 0.97350072687988554 -0.22133178244281243
1671108992.38555 -37.046812925919888 -168.01094916051329 0.11748558201459225 -0.055715909966803728 -0.011982411580355056 0.97574582172898516 -0.21135810977513356
1671108992.4849992 -36.938360274073482 -167.94363737623095 0.11817508441731323 -0.057406355408390619 -0.016501029110510046 0.97695414904281919 -0.20492149000297824
1671108992.5859125 -36.868460349300506 -167.90452000363319 0.12437926954664286 -0.057282278310567862 -0.016378285026607611 0.97860930010671832 -0.19691198570878499
1671108992.6854317 -36.833966677555445 -167.84679658536314 0.14246340352855613 -0.055924441286544974 -0.013958950888021444 0.98136087816664097 -0.18332602477797005
1671108992.7849689 -36.784588278627396 -167.74447723572254 0.15138823209106911 -0.055233310035545873 -0.0091137914713045366 0.98433152829771486 -0.16720545046923477
1671108992.8857946 -36.714510785806176 -167.74352405363024 0.14968466037660833 -0.056165184820220267 -0.014456797814789401 0.9864152515975978 -0.15369262970845624
1671108992.9853673 -36.681707404628398 -167.75383850777001 0.15802572329919773 -0.055689904993149089 -0.011789691955263949 0.98829871263164182 -0.14151074961321283
1671108993.0848539 -36.634811178547146 -167.82671072335393 0.16522305265068998 -0.055726376563672991 -0.01436331693153323 0.98994112598882689 -0.1292471785292881
1671108993.1857853 -36.578834521502259 -167.81780834452658 0.15867148687392468 -0.055975395688754578 -0.013442657117616783 0.99121560237697803 -0.11907006194484918
1671108993.2852731 -36.488698654621842 -167.73821204446628 0.16324774719215929 -0.052532868259213876 -0.0066920067847807798 0.99307605679804267 -0.10485923999392331
1671108993.3847938 -36.447629308721424 -167.66619460766913 0.16330803347639733 -0.05632699234200865 -0.013033053340610211 0.99412588162570958 -0.0914939393415201
1671108993.485652 -36.368660521501305 -167.64961374319495 0.16596876994073384 -0.056548836019197461 -0.011710105063200691 0.99476074493301458 -0.084357352522447415
1671108993.5851817 -36.338445757332444 -167.62104884592443 0.17195440814681345 -0.056506343678001489 -0.0095915995228357965 0.99514299090864966 -0.080034130145359608
1671108993.6847496 -36.25119223330617 -167.60877692181617 0.18391249760817729 -0.056223290098234791 -0.0072330263712968475 0.99534785516627289 -0.07790553379537421
1671108993.7842507 -36.070754677662251 -167.58714264822976 0.19269261218793682 -0.05707913819893979 -0.011000945733665774 0.99515009552953815 -0.079355141881181021
1671108993.8851316 -36.053753921929001 -167.61365414691417 0.18433981542587269 -0.058134588839049518 -0.011604202302821245 0.99509454748000692 -0.079199454827606458
1671108993.9846768 -36.010990300458673 -167.60204628556221 0.19184664676859969 -0.059387568049360732 -0.0099113525995649706 0.99490176193189761 -0.080903435994001252
1671108994.0855467 -35.934268938049676 -167.57563157286495 0.19339686249494548 -0.058338592499966875 -0.011444789230487145 0.99494866826166628 -0.080887409087750994
1671108994.1850495 -35.829096908694503 -167.53432331096531 0.20875243730805809 -0.055358318708696515 -0.0067560079638085777 0.99501026654257996 -0.082730782547993098
1671108994.285943 -35.713333099642398 -167.50660377094002 0.19930575218647711 -0.057196292143198789 -0.014174632630992941 0.99474695841221905 -0.083702763899916807
1671108994.385474 -35.721653070124987 -167.46730238602458 0.21545844393856817 -0.058773782387765545 -0.011332674206157856 0.994532654708011 -0.085568754335965294
1671108994.4849324 -35.620940125110742 -167.45634562827348 0.21005252462625496 -0.057698632563593359 -0.010277971041213715 0.99486416064724303 -0.082525953319086534
1671108994.5858819 -35.54941563923061 -167.48154393062441 0.21139711191579691 -0.052422720263576056 -0.017465986129113452 0.99501096909614595 -0.083066052675282706
1671108994.6853962 -35.415947835841777 -167.45693253384158 0.22286589047536243 -0.057610105405737105 -0.0097927806775399071 0.99495350365590118 -0.081564102180972223
1671108994.7862453 -35.40027374690473 -167.44533244982139 0.22930825917348258 -0.059187545974001748 -0.010838963451008876 0.99513275794862488 -0.078039383201347401
1671108994.8857517 -35.24415547399223 -167.37796251329036 0.23256163184978063 -0.058876004226029753 -0.01003385984190658 0.99492794157769571 -0.080940279533857004
1671108994.9853115 -35.026874964916708 -167.43512443896793 0.23881556319668878 -0.053569899997028124 -0.00065036294390411083 0.99507661756282517 -0.083380861245710661
1671108995.0848358 -34.953951788714527 -167.40276647555976 0.24005809136219319 -0.056883029041177979 -0.0074045701827342011 0.9947655663538979 -0.084563356982313237
1671108995.1857324 -34.897897679346798 -167.37137197353988 0.23905796301397486 -0.057595870630763484 -0.0044478195397532894 0.99458091194188059 -0.086439239865256104
1671108995.2852116 -34.839374446269872 -167.36546312543078 0.2450917641999199 -0.056785877999567913 -0.0010878195012842429 0.99485143316051639 -0.083933346454298174
1671108995.386044 -34.748390475592018 -167.33326199095771 0.24375924253398545 -0.056120784161438196 -0.0029792482691775816 0.99486229713477048 -0.084205649481394626
1671108995.4855981 -34.674128408387304 -167.19335606383757 0.27221073936000456 -0.056954579886984567 0.0005942832494862584 0.9950343712112828 -0.081623665474441304
1671108995.5851722 -34.566932053771616 -167.17181974921189 0.27100210505574934 -0.059792793654240395 0.0027254023474310297 0.9945851480438791 -0.084957502903516793
1671108995.6847305 -34.58968801768124 -167.20372372096273 0.27108778494670976 -0.059507373498658776 0.0027672748197680964 0.99450784884237264 -0.086054362354731753
1671108995.7855458 -34.500943100863694 -167.17757845635433 0.27291501369178289 -0.057308164399258628 0.0059931933004153115 0.99394809059561373 -0.093525660268104799
1671108995.8851311 -34.370248983094093 -167.16711346519739 0.2735382869999855 -0.059458241063844904 -0.00076050326034324148 0.99281893687361911 -0.10380124175327322
1671108995.9846032 -34.140580243283509 -167.13971199773363 0.27421602733023459 -0.060491079225986052 0.00015871520651079813 0.99140375271548697 -0.11601466823297903
1671108996.0854445 -34.033520534741875 -167.0819239965152 0.28914779410213226 -0.059308314022427838 0.0022457237130649693 0.99097702812906274 -0.12017491557439264
1671108996.1850333 -33.94128578041196 -167.06642826285957 0.28329558763541268 -0.059763932473635081 -0.0015964211527346895 0.98995879745826509 -0.12809099558429352
1671108996.2858825 -33.883385565915702 -167.02703405255303 0.29652468608692278 -0.061246697931913702 -0.0020568819155478545 0.98913848814939309 -0.13360262905629999
1671108996.3853874 -33.889531542372701 -167.09060141136348 0.28303663799725465 -0.063846326172703818 -0.0022998897409687463 0.98839573500291911 -0.13781229324507835
1671108996.4849319 -33.807902145606278 -167.03892825490087 0.29224969706162807 -0.065315596994936956 -0.0016245256632596197 0.98681502374278074 -0.14807883920769851
1671108996.5844827 -33.722730167782309 -167.00643942001761 0.29515665469467633 -0.062391564814358133 0.00093256820386128749 0.98472395915714828 -0.1625581348885122
1671108996.6853337 -33.617025198987129 -166.92241194791347 0.29196023499295104 -0.062770440064903885 -0.0006964125446039071 0.98171663508891494 -0.17969929118759592
1671108996.7848759 -33.618282295927408 -166.93779548424035 0.28373247574716798 -0.063166460721964274 8.6515566812969784e-06 0.97827489527531009 -0.19745436799192925
1671108996.8857205 -33.505564690500499 -166.91477036394477 0.29468427110612389 -0.06185254707297784 0.0010501452575661381 0.9747316143596283 -0.21464258567068162
1671108996.9852519 -33.481153219780325 -166.87377837661208 0.29568329438790669 -0.06102908871443951 -0.0029377163606322722 0.97138774490434787 -0.22950527053406666
1671108997.0861292 -33.391502181884647 -166.77461503368914 0.30894373470172276 -0.062654940607408768 -0.0030383985507978794 0.96736054985164377 -0.24551719520728893
1671108997.1856143 -33.296582538202408 -166.71926823030859 0.31741412337720387 -0.064396605054581238 -0.00037394916101146126 0.96335269773816845 -0.26039300524411624
1671108997.2851791 -33.203970307725669 -166.69438336117716 0.31483983451426023 -0.066609993526300842 -0.0023366628240389545 0.9589512683230027 -0.27562676530224217
1671108997.3860168 -33.395988908660414 -166.52765534772126 0.31061041471064083 -0.064712660282540135 -0.0013319175500887642 0.95487361383130143 -0.28987390224638521
1671108997.4855866 -33.286871294161678 -166.31053171648682 0.31949143008738751 -0.064665763875557891 -0.0015603779546557745 0.94956071233672934 -0.30683930287626504
1671108997.5851226 -33.151183856889602 -166.33157196155787 0.34297402793914072 -0.060775058504761913 -0.0059147774016545798 0.94414370926926772 -0.3238272130616886
1671108997.6846561 -32.955946982741359 -166.32763894003779 0.36052087980508796 -0.06030751755829665 -0.0033884340392192065 0.93831053680587817 -0.34047739772234836
1671108997.7854834 -32.931208145961165 -166.33119220589697 0.35245866665989151 -0.059278011670698051 -0.0050366234830024077 0.93312177075560343 -0.35460472458525727
1671108997.8849916 -32.951459352460503 -166.4005166350037 0.33881736343801011 -0.060352834121599711 -0.0053625223670359231 0.9303630889268768 -0.36159825985448829
1671108997.9859233 -32.917129868629573 -166.38176203395724 0.35148879779428233 -0.062610366384927812 -0.003075821507524341 0.92422570902799417 -0.37666605914908324
1671108998.0854332 -32.858674375542996 -166.35796777728945 0.3442762267321347 -0.064998925661751986 -0.005772133414269633 0.92000588348366252 -0.38643368964689334
1671108998.1862955 -32.749160471594337 -166.31755433803946 0.34819888086020939 -0.064305037840374155 -0.0059887500317558967 0.91514637555213962 -0.39791469977268668
1671108998.2858098 -32.698373472028969 -165.85453016431629 0.36340325271785251 -0.062684919654576565 -0.0078217235465046324 0.90747112228441162 -0.41533791508665779
1671108998.3853643 -32.603204740697144 -165.88033001516462 0.36817149013578881 -0.063111737516927308 -0.0094096962099071892 0.90300109676847906 -0.42487337577183593
1671108998.4862294 -32.59582711955607 -165.90841825824083 0.37299160486310706 -0.063854664386699414 -0.0064138890285029117 0.90363181998878461 -0.42347488445874654
1671108998.5857606 -32.622527006250621 -165.95442449558377 0.36978991388529536 -0.063695578778148743 -0.0079455893638807357 0.90540472116071069 -0.41966895495577577
1671108998.6853037 -32.391066856554147 -165.87764104796946 0.37130076270475976 -0.060185849006792795 -0.012764839100654034 0.90426007431998967 -0.42252626007488892
1671108998.7847998 -32.417102543276549 -165.85851947353481 0.38746476247757661 -0.063233622035054837 -0.0092401244199412456 0.90241705504723002 -0.42609809657509173
1671108998.885644 -32.401244304463269 -165.83636286472975 0.38610358721762889 -0.064457944465714456 -0.010067478773429282 0.90526953669621479 -0.4197986245763819
1671108998.985249 -32.485723776707054 -165.85523045320809 0.38539700249880549 -0.064275242614183839 -0.0084440992192669415 0.90798878835809194 -0.4139489709991645
1671108999.0847366 -32.43511107272208 -165.70846375382246 0.39054869446009388 -0.055425867291703325 0.0089558395830090978 0.90957949467471977 -0.41171945428848439
1671108999.1856327 -32.328851960617307 -165.63506650241612 0.37439993724972004 -0.055828549016852545 -0.00031984668809153046 0.91224402113730763 -0.40582498285837981
1671108999.2850821 -32.237350551524756 -165.53218592045903 0.38330209426283829 -0.056122203412636788 0.0037476860539559136 0.91788184720255184 -0.39284751203155521
1671108999.3859632 -32.170598784369233 -165.32009134963005 0.38015711605846869 -0.054379442310634483 0.0070889549221886611 0.92336814633265363 -0.37997880113276666
1671108999.4855402 -32.012638041898612 -165.20483716876953 0.40176115896999826 -0.046599499956688627 0.0010642129141738546 0.93065585014208563 -0.36291464926477102
1671108999.5850811 -31.917755287072062 -165.22544834204763 0.39389970406740898 -0.050484224507298461 0.0016006509029609952 0.93603519583721306 -0.34826267837161901
1671108999.6845994 -32.014433092057708 -165.32350060384869 0.3804763089597224 -0.051039472486290316 -0.00065484067356816052 0.93927432701292213 -0.33934979305494739
1671108999.7854762 -31.922176760706307 -165.27241279304923 0.38388248991072171 -0.053578544439462368 -0.00051403344976495055 0.94238820764775921 -0.33020227351095699
1671108999.8849809 -31.833079997053744 -165.23722170464845 0.37337860779464238 -0.055895458419032581 0.0054771207290377679 0.94597812018774641 -0.31932913271842794
1671108999.9845517 -31.635534245416522 -165.048818731891 0.38296953310817472 -0.04365718706683195 0.0073953730226496272 0.94931723754171127 -0.31118505905882066
1671109000.0853801 -31.497474650481344 -164.91986149011851 0.39110883506387467 -0.047750963030916367 0.0024777812849088713 0.95159226602929459 -0.3036212531473324
1671109000.1849771 -31.459946527099611 -164.89289861127511 0.3892700926050543 -0.047895526574977393 0.0070020830097050849 0.95606653725321011 -0.28912586482756436
1671109000.2857556 -31.509591360530258 -164.81234954274743 0.3835379175528883 -0.047670351785534561 0.008955656226015336 0.96022270714047797 -0.27499033887396224
1671109000.3852849 -31.571079693058135 -164.89902484806626 0.38577346282601349 -0.050552048488609926 0.0079529488033050228 0.96417327400949682 -0.26029048904012064
1671109000.4848652 -31.463564756664635 -164.91981694496124 0.39493518820404999 -0.052488276670042251 0.0089370553798988183 0.96582885962315657 -0.25365276220135802
1671109000.5857244 -31.275740938270093 -164.81992381000853 0.40145067721456285 -0.055666480393155145 0.0065210092708621534 0.96754957168380185 -0.24638698369276615
1671109000.6852453 -31.220459389829635 -164.8339697072845 0.40331339378356929 -0.057280252738646301 0.0059590624441057324 0.97037363007093569 -0.23464543525058998
1671109000.7847481 -31.121013956224918 -164.80253732709343 0.40291869015842668 -0.054002219256827272 0.012444210911269184 0.9730911606352417 -0.22365709249583771
1671109000.8855748 -31.082435644382237 -164.80774718103558 0.39598385785892598 -0.054553720616026334 0.00376267197794692 0.97425667498791035 -0.21870908784967327
1671109000.9852014 -31.081817129564286 -164.78123567622043 0.40458455388098946 -0.053247188723320821 0.007047950100315622 0.97515197566259837 -0.21492716825421962
1671109001.0860138 -31.035802599573135 -164.7282537164825 0.39717552555501451 -0.054238236813445299 0.0096876298067473995 0.97664572611355616 -0.20767158968000604
1671109001.1855636 -30.893789905121924 -164.75179521964026 0.40298116905540221 -0.054706803343435521 0.009946645544058887 0.97764975499035778 -0.2027540048375297
1671109001.2851009 -30.839950797390937 -164.61945288634411 0.40508600364178415 -0.059621174522258007 0.0046237556620793005 0.97945031908380698 -0.19261622174363358
1671109001.3859608 -30.87252591533661 -164.62942798688897 0.38425402949750415 -0.0675078779293206 0.011601310905040232 0.98154925591122477 -0.17851933851234614
1671109001.4854839 -30.713854387652873 -164.67372835158528 0.3958607523933052 -0.072647391318543031 0.011735928015560861 0.98152140438884428 -0.17663622860210415
1671109001.5850415 -30.665530073624851 -164.67301509388926 0.40236801841109981 -0.073902352783715652 0.010636872315817617 0.98143845736586321 -0.17664612535711899
1671109001.6845114 -30.796114594101905 -164.72515340706352 0.40529980468899002 -0.064952655043904295 0.015477092096070172 0.98170670437940555 -0.17830748385730719
1671109001.7854137 -30.666248798513411 -164.61881130459682 0.40176337797343725 -0.067004827734948924 0.0078520975117025854 0.98016122613542334 -0.18636702606840105
1671109001.8849039 -30.534661339837314 -164.45313058788665 0.41139958477467292 -0.066898905766075795 0.0095700605868216607 0.97904824889608122 -0.19208715907416432
1671109001.9858274 -30.673142007124422 -164.55427734632801 0.4141368851184844 -0.063036850965989044 0.012774463635854754 0.97968165876612767 -0.18996582844384513
1671109002.0853498 -30.667720571145416 -164.57448827927988 0.43892113480120887 -0.056503970571659026 0.0075377853359744939 0.98033721209145031 -0.18891647278791929
1671109002.1862102 -30.613684231686591 -164.57678875904381 0.41989588768333186 -0.063371072288675959 0.013745938446829857 0.98076447206638662 -0.18410922493330234
1671109002.2857215 -30.527571641469002 -164.53287623488345 0.41390931862890712 -0.063926894830487024 0.014737607121450296 0.98197940619200974 -0.17723600330760517
1671109002.3852503 -30.474164393585919 -164.47897382447533 0.4143897489905356 -0.064643401789812344 0.015204931016415572 0.98201207792596845 -0.17675497018570244
1671109002.4848084 -30.583661427837612 -164.42655136256815 0.42264786641299712 -0.057271269016018922 0.021009874482816635 0.98455910361837806 -0.164079122382121
1671109002.585638 -30.489582482111455 -164.46532227122412 0.41532683350443828 -0.061370503551631282 0.010750363564008101 0.98297365690925209 -0.17286087122166463
1671109002.6851516 -30.560603780698777 -164.48988368973491 0.42127366108298298 -0.061398503146202883 0.015300842421729008 0.98128363869287882 -0.18187503530241531
1671109002.7860832 -30.515620704591274 -164.32981260082127 0.41995024076700199 -0.060085575615415492 0.017386161508434143 0.98252019902370835 -0.17533255117455887
1671109002.8855453 -30.391050963580607 -164.26300467978288 0.42509150509387245 -0.06082787251271634 0.013491123707410005 0.98356327778678987 -0.16947341412739078
1671109002.9851484 -30.367875343012809 -164.22021414935625 0.42324116004556406 -0.064803708053250933 0.013487172806845598 0.9836194388165298 -0.16766447201026916
1671109003.0859585 -30.380313682222365 -164.19570239196977 0.43369864934384816 -0.066800302405737283 0.011838987557875876 0.98407231252311078 -0.1643144597943941
1671109003.1855299 -30.317401523333789 -164.14390553588262 0.44309985907077781 -0.066617035805989974 0.01126190546828031 0.9843164130320271 -0.1629617717791835
1671109003.2850397 -30.199050789999962 -164.07330987983084 0.4680416878089308 -0.065160701936967061 0.015663432956749768 0.98457148708845832 -0.16164073311981994
1671109003.3845868 -30.146754054182768 -164.0936069572769 0.42981764569729558 -0.065795187907188316 0.0096214343337935708 0.9842161604325953 -0.164002959707861
1671109003.4854364 -29.972397037243844 -164.0065534205217 0.44124000263363111 -0.068078635372911811 0.0082384818625438096 0.98337359223795406 -0.16814816356827839
1671109003.5849257 -29.887138537186384 -163.95970906704795 0.47044144864231335 -0.065657189559711449 0.013171557280396535 0.98364785057419601 -0.16719015999362355
1671109003.6857755 -29.756780292224885 -163.90403067893442 0.46218133828043922 -0.066499288928134531 0.011712464627554113 0.98371539487890736 -0.16656735761437833
1671109003.7854018 -29.812528313064576 -164.3066585306324 0.43283286946564908 -0.065622967512381405 0.0012320804176508785 0.9837331265492737 -0.16721615903465767
1671109003.8849497 -29.495866084867714 -164.42280435727872 0.4495984102524816 -0.069744143740044715 0.0033775569878039314 0.98536838212668776 -0.1554782879626477
1671109003.9857578 -29.468643582749365 -164.4314699848909 0.44388304878473273 -0.076261354513609395 0.0059033326853666192 0.98539366684089169 -0.15214689553460262
1671109004.0852499 -29.43815696106553 -164.40970382822528 0.44853439029157155 -0.077956889870983564 0.0076456952291566772 0.98548081088321371 -0.15063810290583748
1671109004.1847811 -29.368206425291298 -164.33876328630058 0.46727278952896584 -0.071200469492583893 0.0092421214155684779 0.98548376670704319 -0.15384024796090787
1671109004.284348 -29.284301142299174 -164.35053690124005 0.45944220823496573 -0.072371296797940812 0.002142409768598997 0.98449025332087337 -0.15980221086196011
1671109004.3851948 -29.242400179034473 -164.31964785133079 0.46576015543937677 -0.071004355073934114 0.0052873136403466326 0.98425137515330496 -0.16180128671871413
1671109004.4860668 -29.168397882521152 -164.39191832912789 0.46837002572715269 -0.06972298344359748 0.0075585121981050331 0.98440672440704957 -0.16132258185157511
1671109004.5856032 -29.10846185544133 -164.40532349262759 0.47884981461763382 -0.07077806672184625 0.0028998601387049778 0.98486782945318951 -0.15816894319194602
1671109004.6851559 -28.977869968932868 -164.36296134112217 0.48647885337471952 -0.071297999351728258 0.0070790254053989315 0.98515075938002861 -0.15602712578492098
1671109004.7860217 -28.963757446730138 -164.26617113219203 0.48986689879447215 -0.071620919124867607 0.0086654421411169798 0.98574058197799963 -0.15202256114762269
1671109004.8855491 -28.919766059553623 -164.02871532136984 0.49764823442399492 -0.066620770098189952 0.015292452430918339 0.98649915674602107 -0.14881944640927031
1671109004.9850979 -28.788240124857424 -163.98889964731885 0.49626229531466953 -0.061094634163932807 0.010245841227389764 0.98674972134290417 -0.14995818031577793
1671109005.0845785 -28.594398738825323 -163.8953791259311 0.50594736612886182 -0.062348006888773011 0.011111891550020089 0.98703992935211426 -0.14744975336619384
1671109005.1854365 -28.503427627459168 -163.89184892583935 0.52682823868691919 -0.060015035821034214 0.014356269509163289 0.98764825504467857 -0.14402436359304577
1671109005.2849653 -28.453418197855353 -163.70338546905481 0.512806970411539 -0.060567467854211979 0.010439493166169891 0.98745910997662389 -0.14542044197545348
1671109005.3858085 -28.370751081794502 -163.70237669152232 0.51452073226720085 -0.063404603626607201 0.0096088810636950454 0.98756464127289012 -0.14353955883729247
1671109005.4853907 -28.329407315635681 -163.7086608192842 0.52547672883719199 -0.065206435644085167 0.0090333934731074671 0.9877697658855632 -0.14134145943541632
1671109005.5849266 -28.224886623400451 -163.66829708047203 0.53394656179100264 -0.066459902622022796 0.0080520603219448698 0.9881653789457614 -0.13801242524143545
1671109005.6844883 -28.034120077294112 -163.56504378323535 0.53465822122544038 -0.06651178211438491 0.012485430323929502 0.98700468452934365 -0.14574652512744779
1671109005.7853074 -27.948778391551972 -163.43428414189611 0.52467963840514409 -0.063330603174304959 0.0064990062871073612 0.98611019675579681 -0.15340690164755524
1671109005.8848338 -27.960463541454075 -163.21426772637665 0.53433832253739233 -0.068105598835107264 0.0029087091807212394 0.98391197681301612 -0.1651374842430274
1671109005.9857073 -27.903926724034548 -163.05116924819276 0.54519213707596048 -0.070816920279360221 0.0050161973254658722 0.98355191506821327 -0.16608862673942804
1671109006.0852327 -27.915626259368658 -163.15958096647785 0.55354248742200429 -0.065236597171997104 -0.0040163408821655934 0.98436176263200192 -0.16358476598801999
1671109006.18611 -27.791390433692932 -163.08569683462028 0.55327400828897944 -0.068676060767793798 0.0085178200174733064 0.98379786735491359 -0.16538682416532502
1671109006.2856066 -27.749297653418779 -163.01525811733492 0.55460467383116474 -0.07138177953456358 0.0086820226713932754 0.98464353225283241 -0.15907978635099371
1671109006.3851886 -27.605261803483963 -162.93822696479262 0.56766797164678573 -0.066466709376976948 0.018633018277030539 0.98524966189559915 -0.15658253705024683
1671109006.484684 -27.590583282625676 -163.04023338454496 0.55510143778920162 -0.063495643743117391 0.0091266250773656878 0.98417065938416004 -0.16520629875308052
1671109006.58424 -27.492624119800329 -163.12541635136455 0.57328768549710496 -0.063076301222781239 0.0092406463193234426 0.9824851256406324 -0.17509702617281925
1671109006.6850715 -27.449356733703613 -163.09930598239208 0.58023545247167341 -0.061779384632097145 0.013210335935758852 0.98249556549630179 -0.17524627938717002
1671109006.7860341 -27.421381119805574 -163.03533794043287 0.5762165075585246 -0.064388184576778792 0.010500754489815384 0.98200925252933391 -0.1772053153515159
1671109006.8854923 -27.349862740027906 -163.05443478123621 0.59342911307662716 -0.065203888859389256 0.015792578624019091 0.98147553697411261 -0.17945700783027091
1671109006.986316 -27.410474494475125 -163.06959064875619 0.58398675830960256 -0.064924257648872469 0.017405027228098446 0.98210902643383569 -0.17590840228117433
1671109007.0858612 -27.336969515383245 -163.01011428256035 0.57904215866774311 -0.065325774390284697 0.017973197653315457 0.98260554541574641 -0.17290416271636713
1671109007.1854241 -27.451174023875595 -163.0797704382442 0.58076124194860457 -0.055017985559889238 0.018016838336737409 0.9828985622893025 -0.1748108436307711
1671109007.2849519 -27.38171674335301 -163.00557448921521 0.57670985532104968 -0.058644496888492673 0.012686654708870017 0.98230562178706937 -0.17741346392681884
1671109007.3845189 -27.343710535591839 -163.13816635480671 0.57875807816982261 -0.057344973730615499 0.017226095203884181 0.98171225722287514 -0.18070932363945477
1671109007.4853494 -27.361682628333568 -163.00072799673379 0.59039004181623456 -0.054912292916804002 0.020750012730893587 0.9819070198060913 -0.18003522298096847
1671109007.5862269 -27.166847643876075 -162.90806918749138 0.60122855070978387 -0.057465203825294173 0.017113278131396719 0.9822177400467984 -0.17791345423625152
1671109007.6857257 -27.096749726039171 -162.98488800879642 0.59506391295492644 -0.063471068404507766 0.022781128965238165 0.98272193382884332 -0.17236601872282695
1671109007.7852969 -27.010373519027233 -162.9662502482623 0.58218551758527748 -0.071334869275822888 0.0230833631102801 0.98346328037757824 -0.16485894249901417
1671109007.884783 -26.887567024773361 -162.77523430406825 0.57627906471490853 -0.073643672627190543 0.027446448066450507 0.98385080749787046 -0.16081321636079274
1671109007.9843512 -26.783151463380456 -162.75315998331084 0.59328339255154128 -0.0590317199486637 0.022267308425606754 0.98471620726095155 -0.16233734682132814
1671109008.0851512 -26.781526170334221 -162.86785799939707 0.5988302509799599 -0.06059767690023523 0.01613409430217895 0.98211303541926065 -0.17754322914408543
1671109008.1847243 -26.923490248641372 -162.92077972670867 0.60711593954861154 -0.058751690670059913 0.023155267412351046 0.98134101097196413 -0.18160917548129388
1671109008.2855654 -26.856366252773999 -162.8939984800972 0.60637744818627826 -0.057441098943019492 0.023201620088404089 0.98137550573813792 -0.18183597475391278
1671109008.3864272 -26.787261331450939 -162.81374467073084 0.60556824032068235 -0.057952996753513661 0.023428243945728729 0.98337632965758048 -0.17048038544680816
1671109008.4859867 -26.62773318541646 -162.91305829252005 0.60731918625235548 -0.064722992064759621 0.028558656715859929 0.98392137797179502 -0.16399408341417354
1671109008.5855389 -26.597016457027198 -162.73456060151011 0.60040071572959408 -0.072015570173899937 0.027242660732609423 0.98600773100494399 -0.14785245850921161
1671109008.6850348 -26.586613166087865 -162.73483073415309 0.60731051014363757 -0.070669480614980199 0.031020740312814606 0.98703957761944294 -0.1406997171030758
1671109008.7846079 -26.470290281307697 -162.72312474438101 0.6090909667044877 -0.062714023556951756 0.027454810969494814 0.9878272962758734 -0.13967969550448375
1671109008.8841119 -26.299074202865363 -162.53810145677627 0.63680486574769013 -0.062507143712110427 0.024903697313405426 0.98794708670549636 -0.13940307283269712
1671109008.9849422 -26.147860535949469 -162.55256685782223 0.64220746461749068 -0.059548749212805098 0.030779300429076513 0.98828629267367507 -0.13710136704500878
1671109009.0857973 -26.077898028859497 -162.52817834824324 0.63330588940381993 -0.058598468966171068 0.032354180459061681 0.98865005882950585 -0.13450088333560437
1671109009.1854475 -26.08170418498516 -162.39805396856664 0.64112853030264372 -0.062279177821462681 0.02674664037108939 0.98914383449114773 -0.13038556640553087
1671109009.2862329 -26.079375033903123 -162.48079565873445 0.63449793196320525 -0.062702279307191314 0.031403543182734597 0.99001922645342311 -0.122246361491125
1671109009.3857455 -26.061377819061278 -162.49242364539356 0.63951781132519236 -0.062861116378869639 0.030131719759833892 0.99155892004931934 -0.10932276790561317
1671109009.4852061 -26.217414662808181 -162.53779538061173 0.63040313234329215 -0.062643140112820836 0.030626007194123995 0.99256474344098777 -0.09976529836610025
1671109009.584795 -26.093957243680954 -162.36976991559118 0.60958175030052653 -0.060958316144458388 0.024312106075757609 0.99242955040891867 -0.10381036877954405
1671109009.6843762 -26.219758538404108 -162.45503878111691 0.6307524585992097 -0.059900775238961063 0.021161536205355068 0.99225741673784862 -0.10672068890300632
1671109009.7852879 -26.185588188809156 -162.43066785525829 0.62747015442252152 -0.061238085088278729 0.026124347968846679 0.99202507592021727 -0.10702179274993744
1671109009.8847222 -26.151050074511765 -162.38697690926045 0.62820395697653286 -0.061501422106258648 0.026369303417797463 0.99236101361628448 -0.10364291375018528
1671109009.9855807 -26.042380263650418 -162.42799958291948 0.62089752011746158 -0.065550285648310336 0.020885300113248489 0.99273595282464577 -0.098703050915090879
1671109010.0851197 -26.173953582894804 -162.46771898884029 0.60939972050935021 -0.071829019772323685 0.025014820728458884 0.99320970547556475 -0.088030288035495508
1671109010.1860242 -26.410304352891444 -162.47059074393212 0.60955153575837606 -0.074836507621613993 0.02439646220096776 0.99269155981839385 -0.09147555315165351
1671109010.2855277 -26.401634980595112 -162.44691018798201 0.61187024770975107 -0.074558495559535323 0.02780699099763969 0.99256379289973495 -0.092113620144080879
1671109010.3850713 -26.252559334653615 -162.47065377233326 0.60366414394080636 -0.066064115956547556 0.025658309186213615 0.99312341430198292 -0.0931829797643135
1671109010.4845686 -26.17813459830284 -162.44641423210652 0.62830267039984455 -0.066232338233275984 0.020326220015057163 0.99268981727929628 -0.098828380650750849
1671109010.5854721 -26.159218795973061 -162.49455797385573 0.63407734349071965 -0.065456401572497838 0.025034531290479306 0.99272656063068243 -0.097891304795788184
1671109010.684973 -26.092772907412051 -162.35754071755409 0.64581208360791198 -0.062939112373677789 0.026495513665040618 0.99317065361891343 -0.094597614554593465
1671109010.7858503 -26.011789252391459 -162.35283300706894 0.64145112134814253 -0.058031486374461934 0.01786798492267682 0.99421007022230423 -0.088653358495515686
1671109010.8853548 -25.86559193161726 -162.35499367995561 0.64892481343746167 -0.066102334856496456 0.024824151511450877 0.99354845745512399 -0.088745171794299693
1671109010.984899 -25.82960875314474 -162.30361683552115 0.62527180199921129 -0.069735795409365545 0.025461391593986624 0.99367542762808569 -0.084248328795660701
1671109011.085777 -26.039611599111556 -162.20183399002553 0.64475841130912293 -0.060048352020377241 0.034346887415695915 0.99404141744305796 -0.084238632184329032
1671109011.1853414 -25.930381632760167 -162.27597433222084 0.6294541815161705 -0.059794014839084975 0.026887659132035793 0.99408170889500147 -0.086621507815416401
1671109011.2848353 -25.880538733774422 -162.2331959179908 0.64612101719975468 -0.06104607350146736 0.028720190699606442 0.99333848595107899 -0.093419376387608083
1671109011.3856773 -25.535274669539927 -162.14031094001083 0.66444821664094922 -0.058652910260175391 0.032518085042218745 0.99330766450019436 -0.09403347227646236
1671109011.4852414 -25.449689569684864 -162.11980636928678 0.66349706917107087 -0.059538450367795967 0.031202529799302353 0.99342414171235949 -0.092682521140649704
1671109011.5861249 -25.342076476162671 -162.06211022271216 0.66725408381968732 -0.06116809968177174 0.023396173629419401 0.99350546778198701 -0.093048203250348543
1671109011.6855938 -25.420675684612988 -162.06793632765115 0.65760293127894398 -0.065693823393928319 0.028674609910835737 0.99351017888016413 -0.088315416411026193
1671109011.7851887 -25.295480294674636 -162.18918213596493 0.65455782855451095 -0.070561767259359962 0.032069521153525828 0.99313778513632722 -0.087578094000324624
1671109011.8846469 -25.370356008601188 -162.13056982172728 0.64604029100537286 -0.068762173133365759 0.041183753360584045 0.99228747501371528 -0.094558071765540028
1671109011.9855764 -25.189373516368867 -162.02267348766179 0.64638854700326909 -0.063850925023602664 0.02898559152903377 0.99284128880919231 -0.096690589475109848
1671109012.0850704 -24.9324025349617 -162.02042474643736 0.66054428695142264 -0.0679354328805961 0.027226564578569798 0.9922972445293724 -0.099948334853513121
1671109012.1859641 -24.856197266644241 -161.96463577805608 0.66908010156750675 -0.065870496302798467 0.029621529640276374 0.99250407407713459 -0.098586538832048473
1671109012.2854466 -24.570582685011626 -161.91404456597493 0.69913250209093092 -0.055731875181612413 0.018723303462961843 0.99472462691301466 -0.084061362164425571
1671109012.3863785 -24.59523363647163 -161.87935632861851 0.68347639406919469 -0.060073680448291936 0.025762236435475712 0.99393731663104379 -0.088408544267618017
1671109012.4858897 -24.609819542461633 -161.94622332465499 0.66956017879545682 -0.066866327140360254 0.031682266333413721 0.99375742526190758 -0.083494359279901009
1671109012.5854497 -24.476106257003547 -161.87747519056202 0.66382837762236591 -0.062838205342051284 0.047137546003902485 0.99313765839468737 -0.086642963848412843
1671109012.6849427 -24.346332810097934 -161.81376675373764 0.66984216569066035 -0.061536027418398948 0.033140047634194064 0.9935490188526076 -0.089305104609906039
1671109012.7844906 -24.307070058941839 -161.79049547698199 0.66952121800780295 -0.067428623779848623 0.027227196490845911 0.99282531650442707 -0.094920763662587032
1671109012.885318 -24.480399266660214 -162.03584109209478 0.67446482768654814 -0.067011428199197115 0.028756725932638484 0.99308684592704111 -0.091983887996867589
1671109012.9861827 -24.496279267114399 -162.23955331856459 0.67268732670545561 -0.068943129791094987 0.025263848397322479 0.99379015912157187 -0.083604440383787504
1671109013.0857334 -24.684442848074436 -162.25401644178481 0.67042086186110961 -0.073166142152895436 0.028504436683281065 0.9937187148536869 -0.079732856974826169
1671109013.185277 -24.706321821808814 -162.28206615303458 0.66491705229878417 -0.077909604011780056 0.02993098755125622 0.99360785128689466 -0.076010969260853684
1671109013.2861347 -24.633261401075124 -162.22694304948897 0.66273500701189025 -0.085057878969620193 0.03446256190356816 0.99301378365790072 -0.074169498566811473
1671109013.3856475 -24.498383484292031 -162.20148389306962 0.67881173771917802 -0.081355575299961333 0.042070813273896286 0.99291820218150473 -0.075662149154870753
1671109013.4851785 -24.368421107393502 -162.14071097755283 0.68080185753703115 -0.080370302902797688 0.025077455734770219 0.99323072391653944 -0.080027899468937527
1671109013.5847673 -24.353929079294204 -162.14069459286182 0.69222642766833298 -0.081772052741363524 0.025574277541734601 0.99305584735210739 -0.080618681200265552
1671109013.6855545 -24.337609824103119 -162.11344153026192 0.70775175723135453 -0.079149751317468736 0.029613825464419638 0.99317491840298322 -0.080386066348425114
1671109013.7864447 -24.171344245791435 -162.00084316179232 0.71699360943734636 -0.071407104863407886 0.015049839927305924 0.99449576196796807 -0.075184487235993747
1671109013.8859787 -24.217305920970439 -162.05086874116213 0.70993048860728725 -0.074118069891006139 0.019137478924153933 0.99440025574055513 -0.072858767483247391
1671109013.9855492 -24.144703119415045 -162.06991807888002 0.69438613618761291 -0.07652563712390488 0.018976020680189744 0.99472163068748354 -0.065670502848380094
1671109014.0850613 -23.877765853005648 -162.04958311091363 0.7036379921749234 -0.077038216365372503 0.021106077964111059 0.99468902757774724 -0.064910593192872471
1671109014.1845746 -23.593117863214015 -161.78466288638563 0.72077299533337347 -0.07232938128028564 0.017702167415198138 0.99559362535053009 -0.056994973759128036
1671109014.2854495 -23.47097999497354 -161.88563775511608 0.7329950152844189 -0.069743779519895799 0.012779889656262046 0.99552393738981526 -0.062486556334406827
1671109014.3849821 -23.251503619921209 -161.91341833312214 0.74456256715059266 -0.068461219055930791 0.015820880183074905 0.99525880084640062 -0.067250877863365949
1671109014.4845078 -23.189665508931874 -161.8240977123551 0.75485838950127349 -0.064893108532240992 0.019846700777490855 0.99552094243286116 -0.065825877212989353
1671109014.5853868 -23.131568664774299 -161.91200235052332 0.76669135924503196 -0.059258228438655101 0.011699194342037613 0.99595867748779066 -0.066467314906129102
1671109014.6849115 -23.112725233703852 -161.91484317912534 0.76862040416896327 -0.059065716814077004 0.013954095766059943 0.9961542739550111 -0.063191667091125045
1671109014.7858117 -23.289418067002295 -161.79483518076836 0.75137636277973641 -0.059968249085468092 0.014711540126793279 0.99621208372378389 -0.061227966905962945
1671109014.8852663 -23.343848609408735 -161.82075591089131 0.74199953147023912 -0.05990425673298104 0.013685327142276641 0.99646889958143414 -0.057218213999073828
1671109014.9848332 -23.41418326191306 -161.80222272799091 0.73842241668254127 -0.054429056918741725 0.010066632689715367 0.99703548133280173 -0.053445202148509806
1671109015.0843856 -23.679253836655615 -162.08827122497223 0.72165358927100898 -0.057425269330377463 0.0011733991044478975 0.99611819576386895 -0.066704584887471025
1671109015.185199 -23.601184678283335 -162.06416730967388 0.72510961427763099 -0.058032919279799616 0.0050843313230941071 0.99597572935330192 -0.068107829168307793
1671109015.2847528 -23.702895312678812 -162.14381649638713 0.72069419933035961 -0.056949499279401371 0.0058005291146427966 0.99615200596105868 -0.066364820602294178
1671109015.385577 -23.610388876479863 -162.23169333059414 0.72422752991952 -0.054107290354046232 0.0011918207813216095 0.99661776822037462 -0.061838537832065207
1671109015.4851699 -23.611527868002653 -162.25920551387705 0.70929202703908079 -0.06200642509743013 0.0062119894395410453 0.99647093881490822 -0.056234175829073946
1671109015.5859694 -23.612656879052519 -162.09944230299033 0.70823111606389277 -0.070019149914926193 0.0099002084004773568 0.996223010922482 -0.050388659709923428
1671109015.6854978 -23.599937816861271 -162.04382759804577 0.7133142388060687 -0.075051304644406708 0.014825087777454315 0.99563347378267308 -0.053493030639611881
1671109015.7850776 -23.360600826072695 -162.14265424308815 0.71914232886880625 -0.070357450551907591 0.010571249888330884 0.99585324382084639 -0.056695631217337103
1671109015.8845868 -23.326446117472649 -162.10844490003819 0.72699389710500828 -0.070480493387958296 0.0062934661058288823 0.9954782090480957 -0.063372136200072968
1671109015.9854574 -23.260870983511211 -162.11417506228165 0.74210274947434662 -0.067576147755527047 0.011301959734273233 0.99541454685774255 -0.066750354790690442
1671109016.0849895 -23.211450556433199 -162.10082859101817 0.73922081542760121 -0.065931167374168154 0.012915070017355024 0.99552157535230079 -0.066506203794830271
1671109016.1858702 -23.160912483966349 -162.07383442113641 0.75695651683807363 -0.063352441325493059 0.0046816950217868827 0.99553593610352498 -0.069805084602062639
1671109016.2854023 -23.183153313037753 -162.19078566079327 0.75433688567057244 -0.064515346749880256 0.008342739475953851 0.99590589531212637 -0.062766363717607382
1671109016.3862324 -23.207731941923498 -162.24147584826312 0.74379960554391134 -0.065777126508860695 0.0082053268482283059 0.99624830306018974 -0.055635967586116448
1671109016.4858146 -23.310665257811547 -162.16135685586744 0.7418789267733692 -0.067793605986711067 0.0087910772292908706 0.9962925758456368 -0.052228797261025188
1671109016.5853448 -23.135768424397707 -162.08362718450391 0.76444065845310671 -0.059164294420750496 0.010537012476758909 0.99702199604946973 -0.048329049517763734
1671109016.6848111 -23.088655936002731 -162.12127750960485 0.76714076942726961 -0.060469767000905845 0.0045623921413454191 0.99649537005799271 -0.057615703673467286
1671109016.7843661 -23.106495026797056 -162.24416620353907 0.76616635207757344 -0.059914340912434201 0.0089699153534449991 0.99558559459449292 -0.07168776888361561
1671109016.8852742 -23.017806270611285 -162.18513998151124 0.77060251518189893 -0.056515843876479142 0.01281459827146009 0.99576399542457372 -0.071384948540711396
1671109016.9848027 -23.092796930485964 -162.26841061163248 0.76116739069074391 -0.055782259956725241 0.013143129837206604 0.99593669888766589 -0.069467182330517629
1671109017.0856137 -22.936886681479216 -161.93169525982813 0.77845253797024483 -0.058132206528281966 0.018094833406123074 0.99628786878818232 -0.060858081416188634
1671109017.1852016 -22.89432963705957 -161.91282964002937 0.7653145173996686 -0.0636197533297823 0.018947059424763081 0.99600644920458226 -0.059705017111563896
1671109017.2860103 -23.055582518529892 -161.99384722728655 0.75652407476752992 -0.066432636272904314 0.020152989693235927 0.99450010281828949 -0.078422620070155102
1671109017.3855839 -23.078473348003627 -161.88653197548686 0.75740618605911725 -0.057753020041297391 0.014034618973694339 0.99539674969690228 -0.07518596171636871
1671109017.4850857 -23.212191817325355 -162.01444409354255 0.75429509471803891 -0.058724377943266161 0.012642216570305738 0.99430534518068425 -0.08802557776286557
1671109017.5846543 -23.149299762389063 -161.95345066545457 0.76295956391841169 -0.056234787973152837 0.01794008397969922 0.9939626942611326 -0.092487644718449183
1671109017.6854982 -23.005855147635938 -161.90258584640472 0.76735007571280001 -0.054803340212311022 0.01887574989041409 0.99441772746060175 -0.088168493691004213
1671109017.7863297 -22.999821192318201 -161.95970892288312 0.77619104167222974 -0.057819378217774345 0.016312945537391682 0.99396849727155667 -0.091746573462595668
1671109017.8858471 -22.977624073451757 -161.94895478150622 0.78124492375999677 -0.05824772614362575 0.015597838096841161 0.99436986736676647 -0.087134819210239842
1671109017.9853373 -22.9465780215621 -161.95362096041961 0.78952591110318893 -0.059985739819625392 0.013736680820171548 0.99450527157249147 -0.084689311207860399
1671109018.0849452 -23.059969109141825 -161.97663014566822 0.77269722409397357 -0.060570291390747065 0.012118622502755465 0.9949900999976814 -0.078607122425895778
1671109018.1858306 -22.860347810694574 -161.91779959691539 0.77606662265211335 -0.054517582152622958 0.013033043363019232 0.99474481703245721 -0.0856780135390217
1671109018.285356 -22.593752808487416 -161.94025336819234 0.78253825672268862 -0.055918518156720567 0.004426012287430686 0.99449910904731231 -0.088459323117973276
1671109018.384892 -22.391932531407477 -161.83392340351455 0.79192931532487265 -0.055315737896011616 0.010551480985343338 0.99478372558280692 -0.085053951734334235
1671109018.4857416 -22.342288640445471 -161.74071015480271 0.79465821780785917 -0.054925743089957645 0.010246554756828574 0.99481782558333987 -0.084945069093307374
1671109018.5852828 -22.386171255367994 -161.68274661688289 0.78817125769108531 -0.059435971531223687 0.0057774230038254801 0.99426143007240608 -0.08875919863286523
1671109018.6861277 -22.426236334711312 -161.79422076825648 0.78602377408593882 -0.063248553723718556 0.0098225712116219097 0.99393225347321335 -0.089452853796345738
1671109018.7856233 -22.390109574860336 -161.83427407464646 0.79119591309279191 -0.064442824600474513 0.0091979845429903465 0.99439609541006879 -0.083300209309873377
1671109018.8852127 -22.242834635156392 -161.80304338698127 0.80496711173057545 -0.065619322595902294 0.0092735605717148908 0.99427827709498739 -0.083778358025214952
1671109018.9847233 -22.075705885306 -161.7754145665489 0.82262470996975889 -0.05061471905253586 0.016783491431678267 0.99514422062565788 -0.082731159703872736
1671109019.0842693 -21.974620360630752 -161.65733834942691 0.80052263390421863 -0.055529660578346851 0.0092804119833576372 0.99468802879958373 -0.086174567665125185
1671109019.1851134 -21.953930541250109 -161.67788193475903 0.8087305611670017 -0.053043062718138398 0.014489135390740532 0.99499781745086868 -0.083401688958414655
1671109019.2846932 -21.655442589905856 -161.43352207700462 0.82552530193626872 -0.049911829436092819 0.015104880553710702 0.99533085799766274 -0.081222749174336195
1671109019.3855166 -21.66095900219679 -161.46108404703438 0.83640158085227001 -0.052222646782846549 0.017067613469852531 0.99550827310167356 -0.077102334073368931
1671109019.4850407 -21.642312774181367 -161.42708546889648 0.82373355538696047 -0.054495567493224206 0.018742431905008083 0.99563832251604034 -0.073370873698783576
1671109019.5859079 -21.46435005069673 -161.73251564780622 0.83563253505080937 -0.053663615931382018 0.013854316572743901 0.99619046714709636 -0.06732627572293938
1671109019.6854587 -21.413701264169813 -161.56370049484744 0.84873356349170193 -0.048020008287307271 0.017360435673061253 0.99643125976967595 -0.06721189352447135
1671109019.7849607 -21.32544362246394 -161.51086484125406 0.85108846057951437 -0.050362093340553575 0.0094533235679017009 0.99620820653067998 -0.07031005240222632
1671109019.8844812 -21.293560258716344 -161.59262010153012 0.84698099186271425 -0.050887972106825302 0.012037175865398106 0.99576077583618161 -0.075670324422233981
1671109019.9853797 -21.21487477967441 -161.61678638067991 0.84631493006944647 -0.04984394087599215 0.015204163838596699 0.99616946092229075 -0.070219798388435214
1671109020.0848722 -21.361695819768311 -161.67773278034255 0.82673206278085698 -0.052845598588300784 0.011660148670213069 0.9956072113914558 -0.076404608945807653
1671109020.1857924 -21.546266084748506 -161.82937104855702 0.81382880652993905 -0.060582266299163058 0.013728325934428236 0.99561620124859307 -0.06992640337108974
1671109020.2853351 -21.467459823915362 -161.78255851635262 0.81938065343201161 -0.063589502264123243 0.01626441595368476 0.9958550584252962 -0.062964645510289019
1671109020.3862007 -21.487907107555866 -161.60412879441307 0.81783253067135797 -0.068991042989602888 0.016222464308325323 0.99576996354611236 -0.058474330593397066
1671109020.4856973 -21.530535546332597 -161.52510222136303 0.84113300128430124 -0.062949967594303338 0.018706353937456073 0.9963884045250635 -0.053828628351845514
1671109020.5852172 -21.461800601702929 -161.46283426651695 0.83825989920496924 -0.063602100799731442 0.010369634096989291 0.99630813756154946 -0.056721587523552171
1671109020.6847491 -21.502077706706523 -161.15591698099001 0.84103437173515549 -0.064200972252578065 0.012931031145250684 0.9955573081162814 -0.067651089064462211
1671109020.7856438 -21.548832827937602 -161.09293117056862 0.8540616992130875 -0.061110218018423763 0.016232109861623732 0.99604315134718124 -0.062450784763340844
1671109020.885143 -21.480486968532205 -161.07844441392945 0.85493553546816103 -0.059816599067137426 0.013672782021021063 0.99623853563217035 -0.061186678528221579
1671109020.9860101 -21.372636683931947 -161.05616842111201 0.85907474731802935 -0.062322147538304951 0.015237821887263355 0.9964487403111072 -0.054531336337499271
1671109021.0855339 -21.420746870040894 -161.06160065766574 0.84901603337079279 -0.064936032561977636 0.013622052599402714 0.9962816849306827 -0.054959581783058611
1671109021.1851127 -21.457155364301801 -161.15927272548973 0.83987606695145356 -0.066910627246107801 0.012737965257126041 0.99611322762329979 -0.055849350547098331
1671109021.2846153 -21.463185503733158 -161.18422477323821 0.85736984399855132 -0.060458406834868098 0.010827448871624344 0.99581440258248821 -0.067684732423228713
1671109021.3841541 -21.423540813386442 -161.19272333100642 0.85220267408043138 -0.058226204870119987 0.0051988961965238716 0.99479835991397303 -0.083420043498131063
1671109021.4836876 -21.460977554267643 -161.37637198379636 0.85897737977877253 -0.056717771981299459 0.0075205374576562019 0.99316970282735129 -0.10168813718254573
1671109021.5845473 -21.389411523318291 -161.35588187378571 0.85700848938971752 -0.052665894528401029 0.0095493683907975028 0.9918371748169631 -0.11573301935042228
1671109021.6853704 -21.250617028498649 -161.41269488907278 0.85908941923230886 -0.045765388503515955 0.0047842595798815654 0.99068841182129819 -0.12813707800003982
1671109021.7862864 -21.208841449183225 -161.42072975434428 0.85418296327888954 -0.048972291631181539 0.0087370021082109044 0.98841279420571315 -0.14340686070410372
1671109021.8857708 -21.222941002157331 -161.41917096972242 0.86556625093519668 -0.050169160348492843 0.0068857958326295982 0.98614864613005249 -0.15794457541030987
1671109021.9853182 -21.176538045179843 -161.52752039789706 0.85958840672299264 -0.047641179826467754 0.0027613949138423745 0.98282609096540696 -0.178257026791455
1671109022.0848651 -21.091191242718697 -161.55929290761947 0.85157559521794313 -0.046173200169250313 0.0033638390747859101 0.97990508718314562 -0.19401737109187162
1671109022.1857495 -21.017409672778843 -161.64192807890103 0.85236826010271893 -0.046137976912641973 -0.00098735136315775346 0.97534819659976468 -0.21579204715021613
1671109022.2852767 -21.216108423677088 -161.42455182031392 0.84195379502624268 -0.045923613352323651 -0.00028280171900774284 0.97455553458367283 -0.219391093192467
1671109022.3861215 -21.169093897977472 -161.40488339381739 0.84764892162084571 -0.045255225292935804 0.00072455008592105252 0.97100332324087946 -0.2347423819126549
1671109022.4856076 -21.10939673243761 -161.38797517076881 0.8456099986396729 -0.042707903167665359 -0.0013723095804170577 0.96628208336397048 -0.25391551182080557
1671109022.585156 -20.95035795765817 -161.30602482091635 0.85111670944243656 -0.044726706799882138 0.0017110703242982652 0.96308001790289965 -0.26546840311670439
1671109022.6860433 -21.140018351894618 -161.34327973803281 0.83556136672049752 -0.048310556110763674 0.0015127579487310958 0.96163978543213879 -0.27002356342676359
1671109022.785552 -21.268546239775418 -161.40236858577802 0.83490671822726714 -0.049427513507508014 -0.0016826387193007253 0.95867624736240564 -0.28016770402482327
1671109022.8851259 -21.249678999501466 -161.49716496153175 0.82945509436205023 -0.050588625234447612 -0.0031926890297988351 0.9536475698517235 -0.29662587589343886
1671109022.9846365 -21.354952520301939 -161.63287235460578 0.83528594912514076 -0.047988552248396002 -0.0026630631642697894 0.94706098273176875 -0.31743582333256337
1671109023.0854912 -21.339124085393546 -161.65235213178246 0.84016365630403156 -0.047925864743950913 -0.0068177588761645222 0.93984765451102958 -0.3381464415938269
1671109023.1850646 -21.217251605522634 -161.59841885473281 0.84875620897635806 -0.049957517685711564 -0.0048055376158314764 0.93318559909697441 -0.3558732792342319
1671109023.2859077 -21.12509090142548 -161.71717058905512 0.84015734679922449 -0.049503519016237368 -0.0052480776784371653 0.92707063138402268 -0.37156682267247676
1671109023.3854692 -21.427616301602125 -161.74391219766736 0.82908008262887589 -0.046825989646078779 -0.009393753266123947 0.92453111454465076 -0.37810223793580811
1671109023.4862602 -21.395895368885995 -161.72329976400286 0.83236655476465815 -0.051706378790032037 -0.0060523316694276914 0.91850848214446101 -0.39195916611614434
1671109023.5857546 -21.489486209583283 -161.78367138717772 0.82811497051715843 -0.05554649137585134 -0.0072416071757623515 0.9220459033765811 -0.38300587265446578
1671109023.6866779 -21.454427331778408 -161.74803615515529 0.83543172969892621 -0.057655711936447439 -0.011060364120830985 0.92203690562786766 -0.38262440053765856
1671109023.7862139 -21.489599627569319 -161.65672929825186 0.82521172771155826 -0.058174095755136955 -0.014049168794238846 0.92098198576543111 -0.38498126881034939
1671109023.8857703 -21.472330866247415 -161.63581491533964 0.83746809400245548 -0.054650045624348005 -0.0067769843832927255 0.9217931182108402 -0.38375108106044625
1671109023.9853079 -21.375170764985679 -161.63906684937029 0.83534797185063359 -0.054471249436668402 -0.0085491327983229747 0.92114702877188825 -0.38528943237250485
1671109024.084796 -21.497416940131785 -161.48839840222001 0.84278825040161598 -0.056092764338664586 -0.0060912578499153552 0.92304016701789093 -0.38054349086305084
1671109024.1843688 -21.510703944846988 -161.35782650659829 0.84243303433954697 -0.056785169990365557 -0.0023135698757430069 0.92409914387277703 -0.37790324708474754
1671109024.2851491 -21.511484165450931 -161.3867717922449 0.83251814167127014 -0.056581825412513366 -0.0064993512174871893 0.92487613238792243 -0.37597924837136676
1671109024.3847599 -21.197373818299173 -161.42002916888148 0.85435454304218283 -0.057156941818455272 -0.0066507226731445058 0.9224566969720821 -0.38178854632013659
1671109024.4855771 -20.943008345720173 -161.47604390734284 0.85501719344556326 -0.058816542460816142 -0.0037695208278138155 0.92052195526928604 -0.38621980129570566
1671109024.5851588 -20.960615987294911 -161.36689144398122 0.85164218044281004 -0.061045035585585633 -0.0049942383533587188 0.92237255343099844 -0.38141504151095629
1671109024.6846561 -20.965523942697047 -161.2238811364025 0.85999816274046892 -0.057682244253544381 0.0028069834640312478 0.92356031458752641 -0.37907944399650112
1671109024.785502 -20.783210546523332 -161.17617077924609 0.86176717528402791 -0.050100474846482564 -0.0052817153282260212 0.92363070483118748 -0.37995837534707999
1671109024.8849342 -20.729773219832779 -161.18108653018027 0.8689061176985502 -0.051463112961350109 -0.0039427346664684193 0.92123301457140971 -0.38557195918706272
1671109024.9846075 -20.798211428108811 -161.16166635294854 0.87721318410783988 -0.050725717987300641 -0.00077360389618102163 0.92108163403906451 -0.38605041964439241
1671109025.0854576 -20.750977822262048 -161.1082357237473 0.88069388342201704 -0.051083013491477015 -0.00061380160050327392 0.9205659681865147 -0.38723177451889157
1671109025.1849823 -20.741378458812832 -161.08025465577691 0.87849443723261356 -0.044891020212815762 -0.0074152555312967669 0.92330476907502712 -0.38136349286863963
1671109025.2858167 -20.667036218807102 -161.08039677494466 0.87268456666395067 -0.051939500773467449 -0.0059449999947613586 0.92494182130105962 -0.37649644413027855
1671109025.3853774 -20.727919032427668 -161.07287761840223 0.86698587820380912 -0.053186844079619072 -0.009941940986327346 0.9254031259750608 -0.37510181532733278
1671109025.4848866 -20.810335421290993 -161.02097382967622 0.8568246979609131 -0.055945592126488607 -0.0085634978890205583 0.9270343699137561 -0.37068050154294169
1671109025.5857987 -20.758100646236539 -160.90381498599947 0.87714753197357054 -0.046062532301605306 -0.007770916689223157 0.92944344949380509 -0.36599553298480203
1671109025.6852615 -20.851866545122864 -160.79822828455269 0.86725884280726306 -0.049167079281112989 -0.01425202666504974 0.92752480469708509 -0.37023940190441335
1671109025.7848439 -20.859993103998899 -160.72804095799626 0.87218173250257958 -0.050243456771287422 -0.0086632271942964252 0.92649640272885891 -0.37283368849493159
1671109025.8857117 -20.75275956428051 -160.64381986232996 0.88201425417214629 -0.049957657560235617 -0.0068596441098431344 0.92858455323851796 -0.36767907911737724
1671109025.9852538 -20.76752847303748 -160.59508655496091 0.88195093245208256 -0.051411783726315413 -0.0068341876673051168 0.93016397553257935 -0.36346265419494445
1671109026.0861259 -21.007511465516686 -160.56321794872284 0.87428931406512844 -0.05440146549238159 -0.0059229404198515734 0.93240838580560037 -0.35723941748981014
1671109026.1856017 -20.967941398444772 -160.53692922789753 0.87442562748193731 -0.056246478782333596 -0.0088430292110054792 0.93354943426061465 -0.35389770873890691
1671109026.2851293 -21.148932519823312 -160.53801764075459 0.87629731749445194 -0.054849708655827001 -0.0070104503852230875 0.93778420393523865 -0.34278732458379796
1671109026.3847089 -21.138305425503852 -160.37873553114682 0.8762230476465076 -0.052584448650715834 -0.013676826842752276 0.93720601651080127 -0.34451807323211542
1671109026.4842277 -21.230716901144387 -160.50485874414147 0.87626643968746054 -0.054540738234034068 -0.010822678458765164 0.93317799827462833 -0.35508731467066318
1671109026.5851233 -21.03243422932923 -160.72558386868238 0.88378445242792358 -0.054566027722657527 -0.0063407160845170892 0.93061368774940856 -0.36185702716895252
1671109026.6859183 -21.00093475239575 -160.66642437491714 0.88498305704742664 -0.055425745765036047 -0.0071440382541124794 0.92855052267190397 -0.36697530743845336
1671109026.7854624 -20.978890509691833 -160.63483070296496 0.88360678425878281 -0.059180194632245962 -0.0040415137878817798 0.92782242668943182 -0.36827559688598127
1671109026.8863492 -20.93819194047153 -160.6035043629974 0.88700554454922664 -0.059025128779756138 -0.0057459273457215448 0.92525827015298001 -0.37467339377781539
1671109026.985898 -20.872142734235524 -160.58003176842033 0.88950491502732032 -0.056456897443501838 -0.0086994128502510312 0.92053916318868168 -0.38645127504382276
1671109027.0854197 -20.83811619157493 -160.5578989738822 0.89207789784818869 -0.052671997262463507 -0.0012916068451733309 0.91542835030026781 -0.39901745315546111
1671109027.1849334 -20.710954442620277 -160.50389462847559 0.88452767955064759 -0.050936477167827114 -0.0042023888008331286 0.90915030880900671 -0.41332013163477271
1671109027.2844114 -20.718572290223836 -160.47982180779874 0.89796032772064205 -0.050916677922813521 0.00052582171477332537 0.89908890087596194 -0.43479462248570133
1671109027.3853183 -20.682579834726454 -160.33935115352125 0.89786914356648917 -0.050475857658520702 0.0065505225404832541 0.88679495721780865 -0.45935169783200797
1671109027.4861894 -20.639696474197507 -160.31843950972407 0.90136167814731594 -0.04608974197809837 0.005423824929818368 0.88133006565308181 -0.47021658114475029
1671109027.5857069 -20.606636445713043 -160.2398326680854 0.90172397556602946 -0.050603189014876565 0.010143874583849076 0.87058628554749462 -0.48930148015979674
1671109027.6865942 -20.626841048675775 -159.99433574297578 0.90104972303062669 0.05008928858499162 -0.0063772464773952462 -0.86410483263874116 0.50077263514172776
1671109027.7861032 -20.594220024818181 -159.91250847661794 0.89497984859645363 0.04697893792594867 -0.0085592817264703441 -0.85235724038901506 0.52077524215740156
1671109027.8855872 -20.514815023845433 -159.87385468537806 0.90323671814054252 0.040231280839619285 -0.014088591814653068 -0.84041337125934712 0.54026689795987137
1671109027.9852085 -20.483184458345175 -159.88942036631852 0.89937605248242614 0.044815798648787486 -0.010832981795183843 -0.82405487996037685 0.56463062749941562
1671109028.0860415 -20.593993097037078 -159.93385649578721 0.89720039167851207 0.044407388196202477 -0.017813279425870868 -0.81238511990860263 0.58115496031675851
1671109028.185596 -20.533869988843797 -159.84929351034501 0.88531496643573038 0.03584544537337564 -0.019134327759761403 -0.80370774103310061 0.59363528243411989
1671109028.2864385 -20.341415049487352 -159.63703492562473 0.88758086589872831 0.047429826488669419 -0.023600257054550371 -0.78997690999852621 0.61084361427078515
1671109028.3859763 -20.308794472390414 -159.54398663669974 0.88305444976836434 0.046634351526372207 -0.019289000399369354 -0.77787163798409475 0.62639355563515209
1671109028.4855042 -20.314706160268187 -159.38936274598538 0.88444997291266914 0.044799464770452137 -0.026242471571307428 -0.75957104572383671 0.64834880052338117
1671109028.5850124 -20.29488864764869 -159.3152832227178 0.8789081009849905 0.04274988460780059 -0.02150523832371562 -0.73842013541573859 0.67264082220993815
1671109028.6845431 -20.208726363243162 -159.40225240718945 0.87808430903181423 0.039850911172264566 -0.023936112824298601 -0.71650361479229019 0.69603271285995205
1671109028.7854433 -20.199011686129868 -159.34722034997196 0.88929141220599406 0.038543710541276609 -0.030578522990527428 -0.69470045745645681 0.71761452794603964
1671109028.8849597 -20.455389837774636 -159.20765344739337 0.85529668943341819 0.027326138682078172 -0.030473528364982912 -0.68235180442383281 0.7298771548783094
1671109028.9858491 -20.219448342713715 -159.3738723829083 0.8669697897411881 0.034457936080476662 -0.031917475661583525 -0.66116050248843028 0.74877280622209597
1671109029.0853348 -20.223973735100031 -159.06612502133808 0.86379866852078113 0.03203640632493171 -0.026962125231337609 -0.64378345090177891 0.76406124153616795
1671109029.1861956 -20.123985606572031 -159.06524070068747 0.86660105202086268 0.029312236409617921 -0.02647890544626727 -0.61679682979499539 0.78613060690821457
1671109029.2857518 -20.210660380347072 -159.072137689507 0.86211211605814753 0.025252291747713262 -0.017954809122404065 -0.58775287815319543 0.80844696846082698
1671109029.3853126 -20.219939637129009 -158.98765524973274 0.86294696021415285 0.026085772301213447 -0.01881934034769913 -0.55955747806723721 0.82816712905751078
1671109029.4848194 -20.258685857486725 -158.96654583656192 0.85572663119360803 0.024852846595895841 -0.018837601621171176 -0.53842596616457883 0.84209557636944188
1671109029.5856502 -20.456961256006359 -158.82346685855538 0.84609953388608983 0.022428763804963028 -0.02041697150268806 -0.51968653418342892 0.85381848423260054
1671109029.6865125 -20.52987961795926 -158.61184096361251 0.83446689355800618 0.033541072081558668 -0.019856805858208055 -0.50856712689463601 0.86013962888990558
1671109029.7861021 -20.612409459006788 -158.62745999859868 0.82532753497529765 0.03577230353540431 -0.01790015055210404 -0.50142337705343032 0.86427687916217943
1671109029.886889 -20.631765207660198 -158.58028470776975 0.82540399703830469 0.033313028250163211 -0.014381954778689632 -0.49987552509576444 0.86533684824799961
1671109029.9864912 -20.429518955141305 -158.59380170362888 0.84176189728602757 0.033468979770405673 -0.013667531177817228 -0.49272522886092157 0.86943365176911813
1671109030.0860004 -20.418405385915936 -158.46285364111364 0.83616364687308664 0.032226242761326927 -0.0095817945638313907 -0.48560789559638567 0.87352998244185898
1671109030.1855111 -20.48692282306105 -158.3751076151058 0.83683997857458881 0.033672493961410699 -0.010454122447489752 -0.48187742509205206 0.87552899532849604
1671109030.2850184 -20.500263398662209 -158.40410691508202 0.83549885734878471 0.036513215135675438 -0.011920577046611881 -0.48220364115128767 0.87521673511409281
1671109030.3845544 -20.634752464634179 -158.52847293881624 0.83014826145172105 0.036948594981814659 -0.010181983303418161 -0.47756066940183206 0.87776245965827959
1671109030.4854383 -20.659247129379214 -158.57769524443896 0.83469602572247381 0.037330870111246452 -0.0090244470525692629 -0.46560741520624227 0.88415762191879255
1671109030.5849743 -20.673276172964275 -158.52782577418088 0.82823045373484483 0.040396687790946392 -0.0090670452955862943 -0.46554334743904435 0.88405615656494219
1671109030.6858392 -20.813679563845692 -158.17427976263463 0.82216135101467369 0.043357030819078185 -0.005719976093665511 -0.46579719164415334 0.88381017532525685
1671109030.7853701 -20.829592210631073 -158.15783104318677 0.81726721238046873 0.047739963581735954 -0.0051426171477399673 -0.4642953527971263 0.88437790267344318
1671109030.8848944 -20.865558177877961 -158.08824816063643 0.81235067580193276 0.042163030540719994 -0.0019335477650721806 -0.46363930903145162 0.88501815312992349
1671109030.9844742 -20.894574116934837 -157.99864838891028 0.82269240341335526 0.042419502412824044 -0.0010436416001892682 -0.457268517385719 0.88831582201102621
1671109031.0853071 -21.031136653839052 -157.9176745710522 0.82267486580908289 0.045950539201893549 -0.0034368143289926711 -0.45298469748128106 0.89032668167483087
1671109031.1848063 -21.15162381401807 -157.90469377096892 0.81988716278672213 0.048061404588433464 -0.0047924050884747106 -0.45422365792333902 0.88957742935912909
1671109031.2856703 -21.174650425308943 -157.86489257203937 0.81743621268421407 0.045539690470218094 -0.0037844225422730975 -0.45378650811084514 0.88993798648808342
1671109031.3852344 -21.164825932271778 -157.9039996082127 0.81886039189249271 0.049971034148808172 -0.0021908329710263932 -0.45696135390562798 0.88807906012568905
1671109031.4860573 -21.209864495852589 -158.0115699368298 0.81915290680825703 0.049284611982508206 -0.00033552840179649319 -0.46097268762353316 0.88604463527948862
1671109031.5856235 -21.079591412067412 -158.02371474671961 0.82998505670428269 0.050839428427659927 0.00024481557504154195 -0.46272606725728777 0.88504230365733771
1671109031.6851277 -21.188140940269829 -157.9948111695409 0.81846273507922884 0.048986423728345573 -0.00078770510769659381 -0.45881585256096147 0.88717964542122385
1671109031.7846942 -21.066089576028286 -158.02676771140693 0.81476399438083158 0.047718132085937039 0.0041350827342299815 -0.45190279338026379 0.89078041418529452
1671109031.8854933 -21.070619364090263 -158.0549479790896 0.82243146981745952 0.049819552596930675 -5.5356563785873929e-06 -0.45064743690126291 0.89131077619577814
1671109031.9850941 -21.097173388189077 -157.98169368433355 0.81715540705174194 0.049172832885681403 -0.00097024078533505657 -0.44744618284026838 0.89295744837057522
1671109032.0859194 -21.100500348626078 -157.94207371742726 0.81662175947278726 0.044699213335124263 -0.00092182955752472483 -0.44101488891067864 0.89638551880125217
1671109032.185436 -21.048064117228986 -157.86369578078688 0.81939445461630811 0.04673408504609252 -0.00061373754253320331 -0.43434028847806605 0.89953547035451797
1671109032.2850306 -21.01501829150617 -157.9001421459794 0.81746250717341895 0.047744429866474154 -0.00045235008958879837 -0.42806110132339364 0.90248764995977926
1671109032.3858418 -20.992164120049775 -157.88070675226749 0.81299281646907318 0.046329051717047695 -0.00042146708611639876 -0.41984483695134506 0.90641257395172592
1671109032.4853792 -20.99069146425575 -157.78555965870618 0.81556272560656062 0.049195520065836641 -0.0072142164414378427 -0.40930891885902604 0.91104004567803898
1671109032.5849519 -21.206881079809367 -157.81139013626873 0.79790851936340323 0.046752002119240937 -0.0031069599618426982 -0.39845169647078355 0.91599172631481374
1671109032.684444 -21.253458288936319 -157.79511036286354 0.78832985471561545 0.044967481770289877 -0.0031812305418934335 -0.37930914732367066 0.92417118333784232
1671109032.7853372 -21.094828832507133 -157.6621977244109 0.79456734714880572 0.042979228057911212 -0.0044073920793292884 -0.35824969732253459 0.93262560291840457
1671109032.8848195 -21.234215066140145 -157.61457586191295 0.77530038693770753 0.034885842777208777 -0.0036940386152231825 -0.34270291201197772 0.93878860567805356
1671109032.9857392 -21.236845300649851 -157.58234092706144 0.78294868679940688 0.033329430036915783 -0.0023936146519686866 -0.32602097976989736 0.94477179279029522
1671109033.0852561 -21.250557017196716 -157.64601211510004 0.77700754570513952 0.036952800542114722 -0.0010008680900883131 -0.30633172611261317 0.95120679264396957
1671109033.1847484 -20.98935707316771 -157.5587266049385 0.77479501721486443 0.038772420046854036 0.00055006406447453656 -0.2920181531547465 0.95562638886822615
1671109033.2856476 -20.748119404125212 -157.5441729135573 0.78644957351684552 0.033426023794711671 0.003227714616730533 -0.26036890556311276 0.96492503118506323
1671109033.3851571 -20.556158173245937 -157.30377105149032 0.79982578659206616 0.032226162522289721 0.0039959930626882441 -0.23172000517120411 0.97224037444038869
1671109033.4860206 -20.746584318064897 -157.50660217735768 0.80365039340108624 0.034635824062789297 0.0019585762952988805 -0.22218330371504902 0.97438755288676249
1671109033.5855975 -20.638065507941693 -157.42301022002994 0.80140936382487404 0.031298691500876621 0.0023737269893190594 -0.20697929707800383 0.9778416681199511
1671109033.6851187 -20.75429438410513 -157.43480629539491 0.80937080206051459 0.031537716780992549 0.00099452986089974111 -0.19674244920648457 0.9799473414479124
1671109033.7859945 -20.883488543294558 -157.53242612085043 0.78104998961240035 0.031890553978876163 0.0040878723589891641 -0.19252795448157398 0.98076463466503416
1671109033.8854492 -20.992157361938805 -157.447521864219 0.77630281588435168 0.025166512995584922 0.0019004701314809813 -0.18384306188965013 0.98263155019160697
1671109033.9850397 -21.146415935090186 -157.34474056466519 0.74928864802923045 0.021132695204017758 -0.0056010614757040413 -0.17693398200384047 0.98397987952804411
1671109034.0858724 -21.224817307906225 -157.39750128102898 0.74154052915200586 0.023051345478515381 0.0019482181556551299 -0.16936477231353478 0.98528189560999879
1671109034.1854105 -21.156571806298384 -157.25170916331112 0.74045362216532218 0.020469955141313046 0.0049939227160741336 -0.1548155822294176 0.98771867309036177
1671109034.284924 -20.939919110582768 -157.09574657014309 0.75413414908871046 0.021755265447912894 0.0036157358382535643 -0.14224873229228732 0.98958523283286515
1671109034.3857918 -21.024859201219865 -157.10102851661443 0.75571045035384588 0.02643990594121445 0.0020583626944786475 -0.13065406702329191 0.99107326131175122
1671109034.485342 -21.159815494804455 -157.12372531837224 0.75641594074033192 0.023550858258325577 0.0038152925471762167 -0.11660018376364449 0.99289233946302557
1671109034.5849233 -21.139066821578517 -157.09268984795361 0.76030520549491043 0.022483571932420787 0.0017677294087612302 -0.10250180858731968 0.9944771205825832
1671109034.6857538 -21.170446489524377 -157.01078713009656 0.74596186624355609 0.022252052040881494 0.0026387127683118799 -0.096176365024075575 0.99511204906063322
1671109034.7852983 -21.360874719548971 -156.86953553894162 0.73499495662655678 0.01787954002847374 0.00062846968314964502 -0.084659479470157409 0.99624931598976241
1671109034.8861384 -21.278660539036149 -156.88310204510242 0.7244538313195108 0.025118620555921112 0.003266459344058639 -0.07777796493943949 0.99664887162661286
1671109034.9856534 -21.320652166817897 -156.9809104733169 0.72701004542857395 0.021833686354597454 0.0043482127583311173 -0.071461496326651761 0.9971948845279609
1671109035.0852056 -21.458128995291144 -157.09895263330043 0.73615138138122849 0.019182819967115031 0.0041078609971721284 -0.067431837207796066 0.99753099812833812
1671109035.1860771 -21.646337096175923 -157.13154491652847 0.73186578006856129 0.024194032888621778 0.0039337928232133258 -0.067999206340714047 0.99738421983889503
1671109035.285599 -21.653735324238522 -157.29890420185029 0.73411121398303647 0.021627560218062763 0.0019120427960299833 -0.058170452128606033 0.99807053419611269
1671109035.3851266 -21.961227285834866 -157.54533645107895 0.73015464566275479 0.022557039207190682 0.0030576381239454738 -0.060108928873347699 0.99793223592637148
1671109035.4846313 -21.972457156323454 -157.53972669520826 0.71165655984580511 0.022800672547072184 0.0043377313884187026 -0.061286774543548972 0.99785031176216576
1671109035.5855417 -22.0109160786381 -157.54456297279597 0.70483000300601106 0.023324865312370029 0.0049364875551064996 -0.061851480744568199 0.9978005692915205
1671109035.6850657 -22.048153967032583 -157.50974595688433 0.7022524634040892 0.017795090088940372 0.0054406186693786839 -0.061282663122203145 0.99794697736797189
1671109035.7859495 -22.008390516120102 -157.3851580014348 0.7059021005518733 0.01941258707266116 0.0029551687108940738 -0.062685263800146204 0.99784015560777195
1671109035.8854365 -22.078750299263 -157.32533305013777 0.68881883207503702 0.014176125257345313 0.0020883610553430747 -0.062630336596424918 0.99793392424479144
1671109035.9849627 -22.093716902668774 -157.40926280401348 0.69181605429723847 0.019552362816046148 0.010168283620741618 -0.06273407713205964 0.99778692448984652
1671109036.0858355 -22.283006824731455 -157.48474251084625 0.68098691018745294 0.021940606220531338 0.0076454316882301589 -0.065119433251358688 0.99760694493673108
1671109036.1854026 -22.35775713905543 -157.47267680463045 0.70456858727596694 0.019965409733869729 0.00025914262632916428 -0.064789777546684607 0.99769915304399703
1671109036.2849073 -22.569272834111004 -157.63912166831793 0.67430572605580086 0.016782618043959585 0.0088641943697075898 -0.060840453594286796 0.99796703803092024
1671109036.385746 -22.678247885195166 -157.74753562224879 0.67018321710675943 0.014937869842145972 0.0078183932411377381 -0.057849189150313202 0.99818295121002609
1671109036.4852688 -22.777203981607034 -157.65004454748632 0.66236218584701412 0.017056716561943748 0.0064395653419376435 -0.054971568571308138 0.99832145477653755
1671109036.5848498 -22.943797919177729 -157.92529035685101 0.66175558314006766 0.0071079455231477049 0.0023736450955025735 -0.06652162088911627 0.9977568425591905
1671109036.685679 -22.953096305725722 -157.91164814059809 0.64122217340022325 0.013896855516336983 0.0084657098073104321 -0.067705407368047532 0.99757264746851548
1671109036.7852459 -22.99437689289525 -157.89265198033155 0.63214174726009364 0.015441299696193542 0.010747820382706452 -0.068019585507710964 0.99750658474421738
1671109036.8847384 -23.044428940346837 -157.92830498776658 0.64415110422745336 0.013501529021876953 0.0091454472927768003 -0.067387451186177311 0.99759360509704398
1671109036.9856505 -23.134594238942118 -157.89026707117708 0.64470000211223955 0.020774900164157388 0.0067129539970365746 -0.067712715547929805 0.99746595326603915
1671109037.0851521 -23.178412418455629 -157.79669381757677 0.64767239791601883 0.01658463890295574 0.0083979910712463791 -0.066467059077953181 0.99761543369975669
1671109037.186012 -23.165573732619361 -157.83399097961038 0.644811614320427 0.017643656665194189 0.0087005845787274331 -0.065376969475842983 0.99766670440063498
1671109037.285562 -23.273792131268976 -157.75822673628926 0.6481449435576796 0.016619584057021273 0.0083998479413037661 -0.06183304063807861 0.99791277527937494
1671109037.3850708 -23.287027136055009 -157.79192627258152 0.64508694071695205 0.017087168286970482 0.0088326233228778576 -0.061598400979870793 0.99791565296967455
1671109037.4859471 -23.31033511606455 -157.74658735545873 0.63896580556649707 0.013464494977370746 0.00067008288675621936 -0.060258424929451104 0.99809176962288937
1671109037.5854909 -23.368313644067104 -157.71566507075281 0.62967448063325127 0.016414687662001295 0.002259345787207085 -0.059663131438507516 0.99808104086417959
1671109037.6849918 -23.381632230724765 -157.78969828125983 0.6143253977857529 0.020354278167696742 0.0087428788471965464 -0.066039155794603413 0.99757109788308895
1671109037.7845402 -23.467588288456202 -157.75726704497188 0.60668749496266239 0.020191377826515623 0.0092908102365730442 -0.063358664530133293 0.99774328799324574
1671109037.8853951 -23.547693030636758 -157.77461049608141 0.61028048565797499 0.01905150070121886 0.0054577445364028965 -0.06042806174796149 0.9979758026620642
1671109037.9848475 -23.53171109924391 -157.79599327802808 0.61670000171288841 0.019448927657733962 0.0061946866602086616 -0.06225097064551139 0.99785178344473469
1671109038.085772 -23.623181031150743 -157.91253268718719 0.61354037811309092 0.021452384716205461 0.0071765454141938679 -0.057268008942330223 0.99810253357943501
1671109038.1853135 -23.663406695612146 -157.91854798970371 0.61154816404916335 0.023318590635977982 0.0057258342071592984 -0.056333887145215221 0.99812321449432984
1671109038.2848685 -23.714879250123911 -157.79266086155624 0.61508101393096137 0.01446706422362142 0.0016820042075914913 -0.052890249556004361 0.99849411436247282
1671109038.3856988 -23.729764501760528 -157.7302655616179 0.62155466008596116 0.01675144512574038 0.0029390029208602852 -0.049503651297109416 0.99862913028625633
1671109038.4852486 -23.730390423994884 -157.74358324110656 0.61070591956414266 0.01623880301016891 0.0051046598207888823 -0.057372368674398926 0.99820772138748748
1671109038.5861471 -23.891442083539069 -157.71061494781077 0.59941203214302652 0.01922972293204437 0.0051653400022541804 -0.06097608449098605 0.99794060651862748
1671109038.6856647 -24.073392492653429 -157.73236560006143 0.58970651753433034 0.024107762397722894 0.003309351444702081 -0.062318490478791587 0.99775962522525186
1671109038.7851942 -24.082585482293553 -157.72317272764892 0.6010697694968431 0.021852810035000621 0.0021940255457629817 -0.06195183103094748 0.99783746751532221
1671109038.8846838 -24.059454798839798 -157.71233012118191 0.5875162913519888 0.019633621381310119 0.004607264094322226 -0.053666003385381585 0.9983552744938351
1671109038.9855914 -24.128932462982089 -157.67470524134637 0.57540570663250978 0.016104873344964368 0.0042078695753473968 -0.054408528789594936 0.99838000725331599
1671109039.0851204 -24.180868197394954 -157.66014640655519 0.58030375716700211 0.014775598967023247 7.5743193964489066e-05 -0.051860790739149995 0.99854500866112406
1671109039.1859527 -24.091358361385577 -157.64560499950201 0.58832164623364802 0.018742791364408252 0.0045087271296403181 -0.047220192112955452 0.99869846931311368
1671109039.2855072 -24.316682271651178 -157.65808027083278 0.57106422291547054 0.017263419356226724 0.0088706963617923833 -0.052976222046381208 0.99840713388671276
1671109039.3850679 -24.248831295608728 -157.56702107650489 0.58775815736241621 0.017128644715525537 0.0065633138621651625 -0.052105957835839212 0.9984730850650736
1671109039.4858885 -24.322440258714558 -157.57133698156625 0.5806601385932415 0.023611674283753079 0.0063701571060283957 -0.052731075829397546 0.99830924245838615
1671109039.5854616 -24.421104024470598 -157.56669943431021 0.57642451051250088 0.021849411624088849 0.0068189547221391457 -0.048988562460634731 0.99853704278620492
1671109039.6849566 -24.459386372059956 -157.58495632583649 0.56909398201331485 0.022421860358638277 0.0075290814742420571 -0.047520438661719004 0.99859019673718497
1671109039.7845232 -24.539849432978034 -157.60549134566634 0.56834970171749577 0.023949694378448568 0.0072610862962086149 -0.046923978375497492 0.9985849132739758
1671109039.8853528 -24.57524563057758 -157.62149679762572 0.56234221926555028 0.023575467001126581 0.0077556177871365402 -0.046583321495224025 0.99860604940431397
1671109039.9849052 -24.603305349956454 -157.58622071370036 0.55935523366034023 0.017973407659178549 0.0067906400501918946 -0.04560042798044734 0.99877497204967336
1671109040.0857248 -24.596910423010403 -157.47983335246892 0.56196297841295584 0.019301368095549502 0.0020925896504979365 -0.04569282917363398 0.99876686149486549
1671109040.1852851 -24.645906877590715 -157.50407462518066 0.55014419358968725 0.018613600647178669 0.0058720777165963099 -0.047543079907405736 0.99867848085715538
1671109040.284791 -24.687105916777252 -157.53736282565146 0.54657561802417032 0.01858152338508353 0.010103674117264748 -0.048305370226515279 0.99860864905392288
1671109040.3856747 -24.69918814570643 -157.52124481393398 0.55738412022739636 0.022086168186300069 0.005837340120058006 -0.047595522989719162 0.99860542399213137
1671109040.4852161 -24.638923914796113 -157.5483484744951 0.56832896320000281 0.018219058173151864 0.0050197133851738436 -0.047022046408699766 0.9987150722545205
1671109040.5847976 -24.701287441836296 -157.49235573217868 0.5686030455827713 0.019007069145076029 0.0055496866152080961 -0.040701368125960716 0.99897514029812684
1671109040.6855834 -24.755311375955493 -157.45039013082385 0.56667425625473244 0.020888625378185605 0.0037072132881557718 -0.039691663233941778 0.99898673353011513
1671109040.7851486 -24.930982448627429 -157.38509584215879 0.54575103744342912 0.01869492739867764 0.0036236163751196273 -0.039812391702977075 0.99902569664689456
1671109040.8859687 -25.006816740472615 -157.40431076577903 0.54752127658948302 0.018982973820237108 0.0056757176258269851 -0.045615154786547367 0.99876257968957338
1671109040.9855552 -24.993469915742427 -157.34167202129663 0.53995226701050991 0.019077875709619819 0.0044328039686245156 -0.044307513524803874 0.9988259253506756
1671109041.0849953 -25.038240774106235 -157.3641241931945 0.53407842290177943 0.014544899125040369 0.0064578054158275517 -0.048108359589294901 0.99871533902122511
1671109041.1859269 -25.102500056713076 -157.33209308690726 0.54511810346879064 0.018778884780941588 0.0052285357607333143 -0.048547138692797559 0.99863065806379347
1671109041.2854304 -25.157567866946945 -157.25592925270499 0.5450226639284752 0.019067424382085408 0.00021036232875754323 -0.046136064974887155 0.99875314897313694
1671109041.3849862 -25.251432706227199 -157.2762985214606 0.54855276807807374 0.019325078653664399 7.0925688463412503e-05 -0.048546740195227582 0.99863394210340839
1671109041.4845314 -25.251756086060965 -157.2506187414393 0.53337395007666188 0.027133887135954937 -0.00023791875303590433 -0.046914639585369344 0.99853027603379907
1671109041.5853753 -25.293691084619706 -157.20875952973216 0.52587469689873978 0.027708142218755234 0.00031990882333328039 -0.045560006109475505 0.99857720901111824
1671109041.6848927 -25.336046960643564 -157.35992810758651 0.53774921899624162 0.019928770544232571 0.0013084200127058366 -0.046293310482169975 0.99872822206357381
1671109041.7857499 -25.332092862774804 -157.36775572565347 0.52429122239798298 0.018158064540982 0.0068993813141482382 -0.036146557036900409 0.99915770008742144
1671109041.8853335 -25.44199521164596 -157.3910468259588 0.51525212155133482 0.01899730968316854 0.010028517748478261 -0.034716088516375247 0.99916631461168337
1671109041.984868 -25.531811295731366 -157.41116601414083 0.51378685598820439 0.018326919945159378 0.0085067785642323167 -0.03273373602339482 0.99925985671882844
1671109042.0856981 -25.500615155309067 -157.31107137741299 0.51900693876631543 0.024406471563573489 0.0066507337464134803 -0.025648366385010803 0.99935091593905645
1671109042.185245 -25.638262386038154 -157.32252278473527 0.49701086095422498 0.014973534401870846 0.0095779794146884992 -0.024890060930229461 0.99953216078560336
1671109042.2847815 -25.62381152752787 -157.33177945796697 0.50914909210652115 0.018557660207195029 0.0093828926549525994 -0.021260904926873669 0.99955767642230142
1671109042.3856511 -25.836763789276034 -157.35033418109268 0.51673052149340504 0.019590154513948025 0.0085479468548568631 -0.023415982655185824 0.99949729874921533
1671109042.4851642 -26.058716018334032 -157.38616074631662 0.49332655164822931 0.017589981332705493 0.01011301315876997 -0.021567351016988111 0.99956148829958213
1671109042.5860443 -26.185958586163075 -157.34013914406225 0.48003917678743591 0.015693351945990804 0.0088147345491102497 -0.01521550093008299 0.99972221526330729
1671109042.6855602 -26.297043692523243 -157.46463296622747 0.48314051459357132 0.020135690247459363 0.011846937377439398 -0.0079475546269948405 0.99969547384615298
1671109042.7850866 -26.542139414788782 -157.49450917372647 0.46955670101642594 0.017948230224546516 0.017253454118277636 -0.0021472158632456577 0.99968773565390501
1671109042.884645 -26.51586724143699 -157.43963288920224 0.48031927925944318 0.018814967880271132 0.016319255898140046 0.011116978914751711 0.9996279766245062
1671109042.9854712 -26.613963642368464 -157.46641832816749 0.4773965838953852 0.023425811497102308 0.014852864192742491 0.026857052276267949 0.99925438328986271
1671109043.0850143 -26.662812716962396 -157.54340113331975 0.49693468307554717 0.018139764724172284 0.017510035426972072 0.039370189435910273 0.99890657009496053
1671109043.1859105 -26.766371423065664 -157.4558105353743 0.48499458842575544 0.021286634009780783 0.016819035461992374 0.05435270543815382 0.99815318597408442
1671109043.2854159 -26.929944825954735 -157.48651346210241 0.47529818749874825 0.021908572756736973 0.017592174114494149 0.062292723974672788 0.99766234086964678
1671109043.3862827 -26.964042434507608 -157.60718827112913 0.47450174136012785 0.021811371321763195 0.017166835037190669 0.069065152777148947 0.99722593654985681
1671109043.485779 -26.90942562789321 -157.55009501913935 0.46947429243549693 0.020505014048085812 0.012403090685792484 0.070708988435589384 0.99720907872659459
1671109043.585341 -27.034536138428749 -157.44698894944935 0.46364921186268321 0.02549171631875265 0.019484136030264415 0.067979837637994034 0.99717063861557331
1671109043.6861997 -27.079157101710141 -157.52576253444553 0.45211618828922506 0.025206640799359723 0.024404434850801213 0.065230570855420569 0.99725323837283231
1671109043.7857332 -26.976292188636958 -157.5685310294032 0.44434084747880687 0.032019452084873522 0.023222891826286687 0.064458912278842942 0.9971361494857347
1671109043.885242 -27.064840039294957 -157.54300888079257 0.45319167077839362 0.025899690731882443 0.024224496760200252 0.065994799551792618 0.99718958388504364
1671109043.9847701 -27.111388762070238 -157.53692175715864 0.44852018244117492 0.029416870675145784 0.025217139670503645 0.070051048525522575 0.99679064712054499
1671109044.0856428 -27.126549609574674 -157.59839358901382 0.44885620184838765 0.029360695434509313 0.023474190343905577 0.068188068475098257 0.99696404111128067
1671109044.1851807 -27.188171289891006 -157.55873493325115 0.44505875007510182 0.027347575199114432 0.024037804530221602 0.068964763495007589 0.99695444002229772
1671109044.2860363 -27.258483908428254 -157.54968251032233 0.44420102263987055 0.019619689173545923 0.019579118577787477 0.067779555875945807 0.99731522485005208
1671109044.3856306 -27.297460922998191 -157.52498183746636 0.44462966833263629 0.022012979264404233 0.024070869275802969 0.069412202154813432 0.99705464654061537
1671109044.4850922 -27.381973788577319 -157.47674769114704 0.42680539000630374 0.020268411701004987 0.02760563630318218 0.069030998251134457 0.99702649995467374
1671109044.5846367 -27.436465823327005 -157.56584668035805 0.43578876550495615 0.019365819091632996 0.027179038553384327 0.068794434330141804 0.99707251026162569
1671109044.6855214 -27.529514950391651 -157.60576837478578 0.43496984621137369 0.025203312441740348 0.025650870609945628 0.066288873227505485 0.99715225074466118
1671109044.7850618 -27.650963737957181 -157.61588187674732 0.44237724161595099 0.022523153609223034 0.021497648110161714 0.067319648623604456 0.99724551820824014
1671109044.8845611 -27.800322843229772 -157.58794157630652 0.43141928191632023 0.017211785504978452 0.022807357344161332 0.068819119283472854 0.99721988934825878
1671109044.9854386 -27.775131564536689 -157.64448598653823 0.43642411635816092 0.017540564151479025 0.021970533175254141 0.068327189384653028 0.99726677447513346
1671109045.0849466 -27.853801370383799 -157.57936628582925 0.4241490588843822 0.015159141275966379 0.023284483734929785 0.068778069268094461 0.99724501023606349
1671109045.1858234 -27.91845274105221 -157.54691027857214 0.42506703639850008 0.014024363346735456 0.015822111833701847 0.06733915867319841 0.99750609808613522
1671109045.2853673 -27.964872316147385 -157.61706202769577 0.4280496361076831 0.017658422030276708 0.018186948838773399 0.067611695390996526 0.9973896298186038
1671109045.3862162 -28.007950901888311 -157.60771297034918 0.41993278358876696 0.018057476370689048 0.022457143191881902 0.065010550146712268 0.99746841184891821
1671109045.4857411 -28.037742600159348 -157.60511217993945 0.41144068640023457 0.020373917376216237 0.023722792412668156 0.065111907323867041 0.99738787446787258
1671109045.5852971 -28.156521989679337 -157.72452920576333 0.41924197424203147 0.026813294063838373 0.01477379627800853 0.065324596762990281 0.99739434491214896
1671109045.6848445 -28.208210048812628 -157.67468291780204 0.41237741810381401 0.020522837827632655 0.020624143479409721 0.067900221291116655 0.99726777636794162
1671109045.7856717 -28.142544649188221 -157.6850479864672 0.41818927037268872 0.026618434714252851 0.022226388922662842 0.070899619055356786 0.99688047958951775
1671109045.8852134 -28.449992695680262 -157.77314785214662 0.40221781439930193 0.027818861884334228 0.020833709181362733 0.068511796321644627 0.99704473382591419
1671109045.9860826 -28.525273524385689 -157.7759295189768 0.39805096264779555 0.02277542309284614 0.017894279103344832 0.06971328166891759 0.99714649537430733
1671109046.0855846 -28.485159033313394 -157.78004471173884 0.39880549453794945 0.024585681554193654 0.018147237470041998 0.069719266205659894 0.99709851366575908
1671109046.185122 -28.465250500980019 -157.81826601141691 0.40121184314936392 0.02405760769165528 0.021923997917435375 0.0645099056781267 0.99738610472417843
1671109046.2859759 -28.398022075232863 -157.73811512977184 0.40539508872926228 0.023240928608761081 0.022757205902041222 0.070291980601891443 0.99699599110527914
1671109046.3854845 -28.484673429530858 -157.78182275638432 0.4021595330059527 0.028802292108849128 0.022224843896865663 0.069746765397541932 0.99690113501771915
1671109046.4850059 -28.611522123891117 -157.89624240112008 0.38752088987976302 0.023861388254521925 0.021301826202510692 0.065826433648070226 0.99731827767477577
1671109046.5845981 -28.66569659972787 -157.94416738951801 0.40166708642542354 0.025684020640468867 0.021124681540899547 0.066503617365184994 0.99723184254759967
1671109046.6854553 -28.842383310432734 -157.78883357325941 0.39468150628358123 0.026743339875789994 0.019642679906495212 0.072362238573796894 0.9968262964664244
1671109046.7850046 -28.962461661367119 -157.82441953011005 0.38021769995689381 0.025269863005033144 0.02157868862947375 0.075850980427868628 0.99656531295689299
1671109046.8844955 -29.106574457724392 -157.85157080271543 0.37613827536702149 0.018729267627324051 0.014995698060799877 0.077979726704620569 0.99666619577313142
1671109046.9853878 -29.147458087638022 -157.85810989449769 0.36968709752857676 0.020594135603214617 0.018432323760238029 0.086187398790190384 0.99589550822831552
1671109047.0848966 -29.175814800997077 -157.8524917296827 0.36946287983357895 0.01881143052698003 0.021186195804837091 0.092730830270550763 0.9952880328358128
1671109047.1858132 -29.237158772641422 -157.83856411251054 0.36507657018899908 0.017050312404144008 0.020068862339191692 0.10417231366931415 0.99421056958579634
1671109047.2852845 -29.335743391886353 -157.86515652239919 0.35532620342373838 0.023497761461062375 0.020250463265899403 0.11448083963095593 0.99294104120095006
1671109047.3848372 -29.395194197404386 -157.89013955582456 0.35195130025744426 0.018362008473852172 0.021046891224930392 0.1254166987429256 0.99171090378748905
1671109047.4857106 -29.433692903286218 -157.85552308275251 0.3522387084528803 0.01922743752925557 0.022233742465688197 0.13915510361260289 0.9898342404062378
1671109047.5852122 -29.496656040611864 -157.90893379994185 0.35774341834485518 0.020773491224498116 0.02052655065205506 0.14623018874470131 0.98881942470825446
1671109047.6861062 -29.595172453396021 -157.91356334751993 0.34569222348928447 0.018348706960882765 0.019892230155094382 0.15783499761466044 0.98709459407915945
1671109047.7856164 -29.682981653606891 -157.91732555180789 0.34075305247232313 0.017423018600563198 0.014515384144220048 0.16609906108927669 0.98584828647781853
1671109047.8851357 -29.653663740475476 -157.85075707201511 0.33677688111066811 0.021595258494063709 0.020122183538667175 0.17356968958880517 0.98437914717666419
1671109047.9860549 -29.773634149159491 -158.00917687611059 0.33963425582498308 0.018102499492200039 0.021410204785024697 0.1770691047293326 0.98379898088661943
1671109048.085547 -29.833917561686039 -158.05079596019388 0.33868907752037042 0.019154166001658174 0.022139064634034668 0.18617894790030959 0.9820796195322683
1671109048.1850953 -29.92064333950281 -158.12430187499524 0.33371970652714361 0.026310798114279187 0.016341392832063088 0.19680741485496736 0.97995282653860571
1671109048.2859106 -30.021021840998529 -158.10772389054151 0.33429709377884859 0.02138428088485542 0.019650871661457604 0.2117690592722983 0.97688813141982045
1671109048.3854959 -30.033633962222932 -158.22133331107943 0.33415961166918273 0.021728294176410555 0.019814633418676269 0.22140254088662986 0.97473902990678019
1671109048.4850094 -30.122608342382311 -158.17754135163128 0.32538913313746448 0.022602360634375814 0.019674199355656563 0.22694097716833153 0.97344740590098155
1671109048.5858369 -30.161939926742019 -158.19196457644551 0.32043319468870751 0.018854499390194498 0.018382166565283107 0.23482722820516072 0.97168038814138502
1671109048.6854246 -30.200602442800999 -158.24742931722849 0.3208949531182646 0.016614803671956415 0.017124245116824512 0.24291818584239083 0.96975330033733986
1671109048.7849944 -30.317899474854766 -158.28335602653326 0.30940551858842363 0.017522116614667661 0.020911994596014109 0.2501543871666192 0.96782149515943872
1671109048.8857841 -30.374186308364571 -158.29747422172576 0.31756805281639089 0.015205676148907632 0.021285139371769606 0.25838311227251698 0.9656883024802293
1671109048.9853675 -30.422399215021731 -158.34408015695104 0.32107720027267928 0.013415993882038372 0.021242086874722021 0.26567167253556184 0.96373613985650719
1671109049.0848303 -30.479610908798872 -158.40145079419315 0.32292504055425519 0.022967402901210129 0.01878209019871032 0.2773297728079524 0.96031657728377806
1671109049.1857305 -30.543846553830804 -158.34950841010252 0.31212061697542653 0.014334937090322974 0.020528914728029847 0.28907391100323993 0.95697928254272913
1671109049.2852101 -30.465864355342092 -158.59319898700565 0.3261030062288045 0.015449057673717763 0.019610358491061578 0.29687474656322693 0.95459004044137497
1671109049.3861256 -30.519311131106317 -158.58204103979989 0.31914249584823839 0.017227948055468296 0.019464379794474729 0.30284587123918888 0.95268500250523058
1671109049.4856415 -30.658984836159647 -158.61962844908089 0.30792690194100131 0.015556968062729531 0.020425593910454416 0.3084566669058405 0.95089182376306081
1671109049.5852222 -30.690253877046704 -158.65708139212913 0.31222737702652803 0.011293112507834737 0.019195465419689726 0.31417424512966208 0.94910407406902109
1671109049.6860564 -30.714453467038275 -158.76386534875519 0.30806488464921705 0.013521658510581257 0.020845721939234615 0.3215849831007852 0.94655465730829458
1671109049.7855873 -30.796879145796598 -158.83051410240532 0.31415330907106387 0.011939270709296637 0.022106050517523602 0.32846256050394385 0.94418278034109471
1671109049.8850935 -30.810389490400254 -158.83839786354835 0.31010417358577247 0.0087063837373771678 0.021917042888464633 0.33559883350288433 0.94170975627565101
1671109049.9846621 -30.838605995430051 -158.78597825096921 0.29898677487969388 0.012850626945044318 0.022479333576824759 0.34504171906051456 0.93823011732560901
1671109050.0854099 -30.887948458006978 -158.82321906663012 0.31346166078671805 0.0088809573985071822 0.019822574601568523 0.35230384597749864 0.93563357904754263
1671109050.1850743 -30.947427075131237 -158.86364024923984 0.30139423232898105 0.0075717405887085051 0.019973461186372055 0.36007132375735834 0.93268020853898126
1671109050.2858958 -31.01292712764889 -158.90191135834459 0.29929399945437901 0.0078583026131106275 0.019930730479227835 0.36643456523428125 0.93019714172005952
1671109050.3854077 -31.098224350474776 -158.91136827848871 0.29279291493073095 0.0049830186070113913 0.020017425086650571 0.37423790823644887 0.92710326299569767
1671109050.4849753 -31.214698109415174 -158.83252303662357 0.28973380404710763 0.0075390645050382376 0.017706122505447137 0.38065500190639928 0.92451686044974335
1671109050.585865 -31.248236820714176 -158.9321870733587 0.28249238710403429 0.0061874381249228281 0.021489556911427874 0.38677280678410902 0.92190385099832572
1671109050.6853576 -31.261029090750217 -158.93695444215498 0.28878977090045804 0.0048817316908270998 0.021341280887905156 0.38834465584958316 0.92125411624525799
1671109050.7848949 -31.236103736738862 -158.99540394366849 0.28543072089850891 0.0082821351112575374 0.021757592588130883 0.38747922579836236 0.92158443073734131
1671109050.8857298 -31.283837752209603 -159.04513367589823 0.28486807209104292 0.007111266047152294 0.018206873193776358 0.38743250524577666 0.9216908340342187
1671109050.9853249 -31.283766519987584 -159.13274301980343 0.29382197152003642 0.0072383352182256496 0.020354016283591909 0.39025148679571509 0.9204548319054715
1671109051.0848269 -31.308432271197439 -159.2124021391769 0.30114693628177036 0.0095015289077368965 0.020089023144035184 0.39160550765270696 0.91986481532538222
1671109051.18571 -31.346211997631194 -159.31588118929156 0.30568916839063159 0.012762204513559666 0.020762603429753397 0.39204123849039058 0.91962476465006837
1671109051.2852159 -31.391925677977504 -159.4128376553148 0.29386830499693745 0.012039769388200231 0.020688350611751279 0.39001323752780659 0.92049807748583756
1671109051.3860431 -31.480524577096105 -159.4450744211953 0.28842951437979925 0.0097437268558860386 0.017718480378273511 0.39031867692552275 0.92045773704345168
1671109051.4856296 -31.495982191972434 -159.42091066800529 0.28091449976861471 0.0094675366037573674 0.020210621470307832 0.39088758535592544 0.92016780651414587
1671109051.585166 -31.492633519458771 -159.4257985866785 0.28171729611307378 0.0063661149262104278 0.020485466722500057 0.38934117090885123 0.92084378201149419
1671109051.6846502 -31.533522695499659 -159.40506661239249 0.28746009967550629 0.006605721391713627 0.021176729594225268 0.38892709632526584 0.92100142470714208
1671109051.7854929 -31.562513808998464 -159.44700155145546 0.28737076232880349 0.012254870802040475 0.021421031772969213 0.38872779012289616 0.92102207504792
1671109051.8850181 -31.643730473509432 -159.57514398590607 0.27824458124712104 0.0081489048194362899 0.018191347501080146 0.38913553251494543 0.92096482427975968
1671109051.9846168 -31.636986191323398 -159.59816749680229 0.28802711708992712 0.008369372448962499 0.020421043358401777 0.39327355031149841 0.91915659667890881
1671109052.0854137 -31.667067365199326 -159.64651025950062 0.28489728820919985 0.0094622106482874519 0.019881483601377235 0.39412406477738954 0.91879345597517381
1671109052.1850078 -31.718885732628404 -159.68376600899055 0.28096776633039106 0.00740237184651007 0.020805135395691086 0.39456123524654979 0.91860425803113377
1671109052.2858114 -31.795556683929263 -159.69528012947106 0.27369353085532777 0.0023376350106996289 0.016162143068979794 0.39423318306979505 0.91886534267031317
1671109052.3854136 -31.873480072753132 -159.72961142300778 0.26803766583427779 0.0035783122715699412 0.020523956087228509 0.39486116010985012 0.91850456021977378
1671109052.4848981 -31.896294652613996 -159.75157947103381 0.26658565952852364 0.0020012477178361918 0.022487888579371978 0.39261856398569933 0.91942425087041346
1671109052.5858097 -31.909243581874669 -159.79522898854987 0.27099028786867851 -0.0025682380625523626 0.021447318812403866 0.39331210327877791 0.91915124222482403
1671109052.6852922 -31.865595721106232 -159.91287210319265 0.26891386725381011 -0.0014835773500344075 0.024682107516757517 0.39330027848127735 0.91907751768462242
1671109052.7848525 -31.981896737600863 -159.89927197514587 0.26700837246701115 0.0025567964204530036 0.018488782251760066 0.39449708174251646 0.91870761410774748
1671109052.8857298 -32.012584306937455 -159.89948143159094 0.27306067415550345 0.0055694946296695755 0.021899355065446078 0.39781697040896241 0.91718648977834516
1671109052.9852538 -32.111393660102785 -160.00436365230084 0.27220677509009833 0.0060181741263388763 0.022059891697953478 0.39657269999505951 0.91771849516999937
1671109053.0861022 -32.100959701269865 -160.02864500792717 0.26172639533802855 0.0061033881939078572 0.022496027047271935 0.39817375949796746 0.91701381378193947
1671109053.1855898 -32.113731683480736 -160.04084430014677 0.25713540801405899 0.00071748373155081232 0.019906420503841005 0.39978117073633218 0.9163941483687611
1671109053.2851415 -32.235424832297859 -160.35589207681343 0.27209505767822256 0.0027886980559300714 0.020484499113151772 0.39925210735537225 0.91660807504163444
1671109053.386045 -32.351582953809199 -160.13778639065288 0.2433347454577684 0.0014980269097965885 0.021697595659434483 0.40358990510046883 0.9146814520689549
1671109053.4855356 -32.264062027077379 -160.14306672239155 0.26088043777570125 -0.0035915207327043867 0.021337546255386381 0.40305537035984912 0.91491976616679926
1671109053.5850935 -32.422839431585373 -160.1940421716541 0.24552348685003811 -0.0057652662940696582 0.023001324625058966 0.40290880963914327 0.91493288927943772
1671109053.6859417 -32.5059450193122 -160.24248166813925 0.25857040643617502 0.001745673542239596 0.018748140731535825 0.40376322225590722 0.91466973285253161
1671109053.7855175 -32.368646048611403 -160.29493716227412 0.25390472602024666 0.00074536000142173191 0.019813769830941998 0.40475926071688662 0.91420829127036152
1671109053.8850422 -32.423681027221683 -160.30951869633384 0.25920637480467551 0.0028616466955887925 0.020855385476671855 0.40782692634130052 0.91281655442143272
1671109053.9858737 -32.486494033367933 -160.33053571568578 0.25428911839425555 0.003451165110441919 0.020144770104144567 0.39787012203900834 0.91721406644550341
1671109054.0867062 -32.501326970712839 -160.29171791521162 0.25473019328489888 0.0054799213443535583 0.02053049446198121 0.37670619888298629 0.9260890394461746
1671109054.1875603 -32.505751646738126 -160.33708274212816 0.27135052914789404 -0.0023573156243794861 0.0073073969218901171 0.33765677634527436 0.94123798605952491
1671109054.2871063 -32.4769197260268 -160.45774818482118 0.25336118616070591 0.00082096774351721874 0.0043099155297417367 0.29435133484551979 0.95568720945440677
1671109054.3866529 -32.503724180225653 -160.46177007570697 0.23768847611020316 -0.00076157339209658348 0.0046077094940631764 0.2517698646809759 0.96777586468030385
1671109054.4848466 -32.492654043870608 -160.45662487512118 0.24397022434975946 -0.0049810290746689504 0.0027696964507206035 0.20809774751661961 0.97809143008690014
1671109054.5843897 -32.466443982065471 -160.46962363984454 0.25028625251193293 0.0036457009763026654 0.00053213171355496872 0.1634307869383281 0.98654792259724999
1671109054.6852911 -32.485726186828316 -160.54455650693328 0.25081397290080776 0.0056330129283775638 0.0029921385929958886 0.11363901524563497 0.99350163084213983
1671109054.7848022 -32.494065772281957 -160.53973076523394 0.25100878771152341 0.0027872013830833636 0.0023155923401180197 0.065167313267502802 0.99786777221336276
1671109054.8856499 -32.475011476817215 -160.53083398269828 0.25780522642765419 4.4907421474233006e-05 0.00065198738702942785 0.015578025033227314 0.99987844162769846
1671109054.9852233 -32.490355762269395 -160.53049316573757 0.25839361017337059 0.00032493887730250461 -0.00083743067729669042 -0.035526133426729355 0.99936834398950869
1671109055.0860395 -32.498960545787959 -160.55258326756953 0.2603430881323292 -0.0023374610860850856 -0.0024998980047930626 -0.097828031229389753 0.99519744929909171
1671109055.1855421 -32.600107272659244 -160.57807768665887 0.26201855249777428 0.0089766414024033195 -0.0085357937704302299 -0.14483338531522272 0.98937851736935023
1671109055.2851295 -32.599841383785012 -160.57773612201586 0.24446843059565865 0.0074918646943980564 -0.0041120293975234375 -0.19712374269400598 0.98034136567011287
1671109055.384675 -32.601332211532444 -160.58927867359259 0.25498379097199064 0.0065567309218419771 -0.0029772422974418305 -0.24784415095677492 0.96877315308819134
1671109055.485517 -32.599855004337428 -160.6565145248212 0.25946670228154389 0.013224314576686923 -0.0047288193885999877 -0.29899935779235287 0.95414995666872371
1671109055.5850115 -32.542807397795471 -160.67989775372146 0.24647297063209112 0.016688737062469181 -0.0045556041858281172 -0.33834744866876609 0.94086223035314709
1671109055.6845984 -32.58243854883537 -160.65469938096106 0.25121118337912474 0.014547542280258971 -0.0045407842654232823 -0.3838311339203741 0.92327753732301909
1671109055.7854691 -32.604161444798855 -160.68820984717013 0.25245514710079869 0.015997979373101705 -0.0042821349675238674 -0.42967242849500403 0.90283294809577219
1671109055.8849545 -32.598599289262296 -160.72999442041368 0.25762949438542121 0.017250049308499483 -0.0036936311015255867 -0.47316476600679408 0.88079730761275388
1671109055.985852 -32.601810797260704 -160.73210306973456 0.2610754649449139 0.015000666532916892 -0.0014888047104772777 -0.52023003865465123 0.8538931258333694
1671109056.0853662 -32.62334867960513 -160.75265019715874 0.26625072096958746 0.029293595906823948 -0.0078721668205740149 -0.56319859343199929 0.82576465084466688
1671109056.1848748 -32.572205945371088 -160.67327974020242 0.26225268379151812 0.028727810310911778 -0.0017044527730797441 -0.60261819595704791 0.79751057526339897
1671109056.2857602 -32.48705406361222 -160.62300564907045 0.26353344222754232 0.025867695692123154 0.0010425653857793395 -0.6409399184593092 0.76715434972524943
1671109056.3852968 -32.305802887183425 -160.2480447826922 0.26373063455745566 0.026071179386959704 -0.011457378669633506 -0.67241148876532719 0.73962950986003095
1671109056.4847965 -32.160852138386296 -160.32111053499952 0.27559954390823838 0.028517998227849381 -0.012062516143991271 -0.70388980902150788 0.7096339593318638
1671109056.5856867 -32.019609945268932 -160.1986944078788 0.28096117555052036 0.030515924456548615 -0.012886495839261027 -0.73664136003620051 0.67547185231034146
1671109056.6851974 -31.6272837667495 -160.32646015434116 0.30262946964576831 0.031702745736431198 -0.01450187468187465 -0.76844983713477899 0.63895968523140345
1671109056.7861085 -31.679786007806658 -160.34770017175302 0.302972928610444 0.030367332969078769 -0.0035935750696844547 -0.80201900482289212 0.59651523635986203
1671109056.8856046 -31.689433039849998 -160.36121045319587 0.31361953956037752 0.033224963007300178 -0.0089952739178533938 -0.82974762568781224 0.557076354322946
1671109056.9850721 -31.698851102957128 -160.39745446033626 0.30130437331050625 0.034939123730587711 -0.0034366912933990247 -0.85583987057593003 0.51604802365522973
1671109057.0859799 -31.74281692995876 -160.39537072829157 0.30179157041162241 -0.032907330529969615 -0.00055397624007771853 0.879527211798385 -0.47470905238248345
1671109057.1855009 -31.79088615102917 -160.4993421447806 0.29906715914458026 -0.032253316888329761 -0.0016682892104944625 0.90294902521793574 -0.42853237709511605
1671109057.2850633 -31.935925580844284 -160.47111835808158 0.288290020596981 -0.03224917088783056 -0.0026236095371832235 0.91833659218599428 -0.39447561534556058
1671109057.3846071 -31.916182040739059 -160.55238091209458 0.28841207021772858 -0.030905617009160922 -0.0022741592954468345 0.93482795773885996 -0.35374618085086712
1671109057.4854231 -31.81277580360323 -160.40611786761283 0.29211658032201221 -0.030869534744569774 -0.0021385674131970014 0.94878680231189105 -0.31439799953697145
1671109057.5849996 -31.863875792117415 -160.40707251274659 0.29245147956386203 -0.029951673351829515 -0.0011044171032979088 0.96312689138588414 -0.26737290179756562
1671109057.6858554 -31.795704667457937 -160.3949317380771 0.2924056622255593 -0.036971381734107203 -0.0096633963765155335 0.97578404127439999 -0.21537232992504257
1671109057.7854052 -31.984967813864351 -160.374615028736 0.30295142045225942 -0.036956276613706318 -0.0050538199187403314 0.98518262238282139 -0.16740338430864338
1671109057.8862138 -31.940047964695097 -160.30077874914556 0.30380807745121413 -0.038961277855836383 -0.010030112565754349 0.99285548446874194 -0.11233611454068655
1671109057.9857864 -32.01962871441841 -160.23773844608365 0.29336751748099915 -0.037522003274044709 -0.013862932589469086 0.99744486420150547 -0.0591917329393453
1671109058.08532 -32.047647192094473 -160.28807188882232 0.30408930525556205 -0.03471047965822914 -0.012876452051010156 0.99926642813460409 -0.0097972030490190622
1671109058.1848531 -31.960591262070835 -160.34485086741299 0.30025234424769875 -0.034820558111453466 -0.013099882897445377 0.99895540625216483 0.026533339790770428
1671109058.2843907 -31.900450691369176 -160.25091448748111 0.30698150096088639 -0.032788163865332072 -0.014698286371473003 0.99652499322942079 0.075145422729432185
1671109058.3852293 -31.850749415591359 -160.11157857867479 0.3078319982469081 -0.030666070444858289 -0.014166928622871755 0.99128539061954102 0.12732699871248571
1671109058.486094 -31.767968650990724 -159.85201573965847 0.30648442763984196 -0.032388784940025582 -0.012477006711816415 0.98258360914942899 0.18255065583148197
1671109058.5856273 -31.868670790714024 -159.78677409918831 0.30021215601265422 -0.03770747806860919 -0.015098629891504407 0.97104123746574988 0.23543383914401492
1671109058.6851444 -31.934207277041672 -159.62192904545461 0.29893425886631003 -0.034879214225880605 -0.011950866694507947 0.95652179899692358 0.28932104182710977
1671109058.7847321 -31.982147457945345 -159.6370986857053 0.32061797489374871 -0.034422389368062502 -0.016973837227801734 0.94143556894472724 0.33500157833311045
1671109058.8855336 -31.916790069788693 -159.66279212199152 0.31784811933934676 -0.032075642279771797 -0.015802484831570245 0.92326847167409132 0.38248759961347223
1671109058.9851019 -31.848218678796293 -159.68418278746577 0.30781793324500312 -0.031602089266396169 -0.013653817175918525 0.90327718438441451 0.42767418603545609
1671109059.0846021 -31.868612611573933 -159.64423598116824 0.29721725064814086 -0.031677940172145314 -0.011759346196754672 0.8879441445256312 0.4587084281830015
1671109059.1854966 -31.815625224392114 -159.75642027130945 0.3060951453372836 -0.029730924209958133 -0.010699250943499028 0.86496462273289942 0.50083709886090011
1671109059.2850256 -31.830834120357036 -159.7048741611913 0.2985137927785515 -0.027935703906983904 -0.010729515728779969 0.8379085533174816 0.54498966065133225
1671109059.3858266 -31.632601717975735 -159.75921352151633 0.31264685239046808 -0.026813913317018129 -0.0093593238236290895 0.80643095617519989 0.59064585838939565
1671109059.4854162 -31.126823787513374 -159.65879495174514 0.33985661989003413 -0.028806017924287157 -0.0083317853737296284 0.76449439283334297 0.64393254150587154
1671109059.5862997 -31.017130091920496 -159.55747765116766 0.35401481190174811 -0.021805884513347952 -0.0063674941611196233 0.72995508426887856 0.68311751065882709
1671109059.6858134 -30.893078661191463 -159.5322369588323 0.35714668695703139 -0.025864209302394282 -0.007628504374943358 0.69053978900208235 0.72279156636137032
1671109059.7853076 -30.955698642441629 -159.59336678287909 0.34596025786772366 -0.025945738377133518 -0.01188932777809776 0.64911595060827332 0.76015389574149261
1671109059.8848441 -30.899307164792717 -159.69261338172294 0.36249493117239323 -0.018722752453261635 -0.012666297932571971 0.61198649983541387 0.7905450951441394
1671109059.9844108 -30.866469075725973 -159.69637020333261 0.35934170554743605 -0.01782749953074762 -0.012410974995669561 0.57960502027685534 0.81460798451157101
1671109060.0852172 -30.81416172348559 -159.73458147848845 0.36213046802654852 -0.01724913179424923 -0.013593035294745063 0.5406006072379046 0.84099267553161794
1671109060.1847885 -30.687410088989139 -159.76656506347396 0.373888859950751 -0.015169738034768003 -0.013509664426879713 0.50437814701375183 0.86324391270949818
1671109060.2856317 -30.656135457360744 -159.70546996132956 0.36652399828974147 -0.019287908078550194 -0.012663298840124347 0.46451768762640588 0.88526320117050838
1671109060.3851492 -30.653556883551179 -159.75380616504475 0.38666356352902936 -0.014505689087760685 -0.013519994837020105 0.42431183904026726 0.90529898816576759
1671109060.4860516 -30.632128156434 -159.78870646666513 0.38740141972675912 -0.01672692811567722 -0.014724635059467731 0.37818700205950045 0.92546095891259827
1671109060.585618 -30.740706932151319 -159.7746029548332 0.39520307651534664 -0.016358003328456345 -0.015300170989887701 0.33747049356275544 0.94106959703801751
1671109060.6851251 -30.780436166948078 -159.78396658852063 0.37078475443944325 -0.01204417281505844 -0.014718607845740755 0.3001605599967877 0.95369908184222296
1671109060.7846751 -30.813782866379618 -159.82771392995343 0.38040633500069371 -0.0043577069299473997 -0.015981893794569831 0.27615099394099069 0.96097149697920525
1671109060.8841746 -30.698102420704068 -159.90208971726562 0.35734975983910255 -0.0021622745909743481 -0.0066295497238144131 0.26669772945975639 0.96375499725815339
1671109060.9837146 -30.652252406432851 -159.80914041103981 0.35523775133192531 -0.0012384908374608208 -0.0022247350912292891 0.25687181998757913 0.96644212697423737
1671109061.0832193 -30.531611758009902 -159.71978367316461 0.3614673836253583 -0.0012490747770040921 -0.0006481631469132757 0.26168583343186291 0.96515208349658954
1671109061.1841476 -30.4954207869241 -159.72391883528937 0.36265104999337339 -0.00085280057505385698 -0.00040759644592500014 0.26264143712054655 0.96489304179456614
1671109061.2849488 -31.011701614147796 -159.7067536347285 0.3330773255327017 -0.00033222354659473668 0.0028736178855346432 0.27152262651359527 0.96242770909763486
1671109061.3857765 -31.07352679753825 -159.77206047048969 0.3183327963806688 0.0024022375961781843 0.0066341259246513063 0.26796169235276907 0.9634037310801673
1671109061.4866786 -31.140457987879962 -159.80448660959675 0.32152758658230296 0.007951763524228354 0.0092674751987372982 0.26464874878791372 0.96426755785170304
1671109061.5862541 -31.275256621050836 -159.61240210162177 0.30430733717381953 0.010371121142888733 0.016680083187058655 0.26923626418735197 0.96287384880759475
1671109061.6857305 -31.329968137949706 -159.72343120818437 0.31515036351159209 0.021654791529947408 0.016257719441256546 0.27121422210566476 0.96213803702482481
1671109061.7852979 -31.365233681888878 -159.71856004468464 0.29643478200286622 0.0094607061974843251 0.020026039461267835 0.28113307177628094 0.95941317936297554
1671109061.8861527 -31.398027859044074 -159.9701519198984 0.29965544993132343 0.011807599966516442 0.021604116398309055 0.28407029472270034 0.95848730319907582
1671109061.9856892 -31.465649653638899 -160.03516661793179 0.29558696951419111 0.012727452379902828 0.021965220550117785 0.28203200940699974 0.95906907296187593
1671109062.0865493 -31.500404673169552 -160.1250990575848 0.29348151153475038 0.0064488994612666266 0.020507847759225831 0.2820111327228127 0.95917024604416246
1671109062.1860962 -31.55838761743605 -160.17262004026119 0.29440786857157936 0.0075958697884544865 0.022018283923815871 0.28212157981542935 0.95909588266119328
1671109062.2856021 -31.591827595232427 -160.22113248154298 0.29434450103491538 0.0063264206312601459 0.02361961385502143 0.28047284664716682 0.95955045335665956
1671109062.3864434 -31.652284920670091 -160.25839202475325 0.2992316217504441 0.0052250745908912046 0.027363606982009282 0.27947525484015606 0.95974867207018499
1671109062.4859488 -31.959939765281977 -160.34107880414984 0.27281736968308673 0.0035872338474964185 0.028965181495635223 0.27739355280015565 0.96031295257283478
1671109062.5855844 -32.027262883251908 -160.65132538143993 0.3017110264427959 0.014691617508384791 0.019382373217987851 0.27317579330152825 0.96165662579608258
1671109062.6850419 -31.916618027830125 -160.48865339827194 0.28927869645655147 0.0070591199340427901 0.025576276020467581 0.28044647352472962 0.95950289130269162
1671109062.7859411 -31.97913390699923 -160.54471602366641 0.28410948993265617 0.0086952133965784821 0.025990852977794673 0.28152262933504213 0.95916311334295956
1671109062.8854523 -31.991823603478075 -160.82989166428075 0.28790464585348957 0.0089904921665593038 0.023525019785104892 0.27927237593566229 0.95988159922667737
1671109062.9850149 -31.956425513888895 -160.92352337394581 0.28626451810374848 0.0029977079376574335 0.020322674007859663 0.27448380786011173 0.96137227019032745
1671109063.0858438 -32.188185394534472 -160.97626581491494 0.25453472667857996 0.0026916458649129896 0.019312144717025005 0.27208663737981437 0.9620751830643548
1671109063.1853986 -32.135037787058948 -160.9787600163348 0.2725021314516663 0.005101957967484032 0.027811472440685651 0.27447027831790538 0.96117977420754686
1671109063.2849407 -32.109680632068219 -161.00516354715248 0.26915085631012903 0.0062648810477386029 0.028252843951643593 0.27225284001581701 0.96179047571569543
1671109063.385787 -32.203953051978353 -160.98731653336361 0.277254785645008 0.010357723649405874 0.020810310424709186 0.27903691832529237 0.95999898268297867
1671109063.4852924 -32.242573830635848 -161.04041876799016 0.26295383534952987 0.0033653635208994838 0.027611440466521316 0.2792105921410093 0.95982692602364672
1671109063.5848665 -32.380992381557824 -161.09385527897552 0.26971464712694282 0.0066694843471048733 0.02793717322273007 0.28089513241453684 0.95930858273898856
1671109063.6857061 -32.450713701535761 -161.13889083440546 0.27144141234755509 0.0069663563317108931 0.027523528733476802 0.27920196079698284 0.95981258083681997
1671109063.785243 -32.585346453578772 -161.23699319811539 0.25968449654877179 0.0015238724393409715 0.02717997657287732 0.27863696896478951 0.96001060734369048
1671109063.8860846 -32.707753225462142 -161.27921911413446 0.2544149537339806 -0.0017387078076861854 0.026082108394341903 0.27970617111836893 0.95972973193246802
1671109063.9856033 -32.591236696025732 -161.48104480057918 0.27613187911808484 0.00055401090662061643 0.028279878350184799 0.27800475039763556 0.96016316337837215
1671109064.0851722 -32.634665142637495 -161.55920676211863 0.27551632007136934 0.00045598162713076978 0.029971093836471549 0.27583061110574991 0.96073877802034702
1671109064.1860061 -32.83664093648791 -161.60931826666518 0.2574378029435872 0.0055592712076356797 0.029498438492701524 0.27657643247457431 0.96052298964146066
1671109064.2855537 -32.87094156406075 -161.78566034483873 0.24710646065920583 0.0027299849751973933 0.027187501920503322 0.27823243452324969 0.96012504357537898
1671109064.385113 -32.863012450267377 -161.72779034403823 0.25770630682259793 0.0022824629564936944 0.029562240482943373 0.28383337237029799 0.95841508806434417
1671109064.4859576 -32.879735557042061 -161.72689968716205 0.26582403142750261 7.6990582597392753e-05 0.030980153601672489 0.28606338417377508 0.95770974955375399
1671109064.5854955 -32.934691083474455 -161.69855257456229 0.25645136073231695 0.0015392340241008687 0.031265153005539323 0.28338233162305615 0.95849599638706862
1671109064.6850402 -33.00976688914448 -161.8717733672984 0.2649221867071464 -0.0094197030252966257 0.022932801933233531 0.27781102453396789 0.96031577641825372
1671109064.785852 -33.039982357437907 -162.00012536876648 0.25258191077038633 -0.0038860642704703656 0.02800142018957736 0.27702707549961453 0.96044615591504312
1671109064.8853958 -33.095100363294783 -162.01929951520412 0.2470931063972413 -0.0031780930380226288 0.030689239742364177 0.27522170612446112 0.96088557215030446
1671109064.9849839 -33.162359810566905 -162.0703365793988 0.26183952910080549 0.0029487801769739544 0.031858523396490507 0.27593360368079589 0.96064404726318509
1671109065.085793 -33.306975107665359 -162.2442973363176 0.26411681389361608 0.011973137614749368 0.021954941995527413 0.27700753062774724 0.96054227000853476
1671109065.1853213 -33.408210429497061 -162.21747272033812 0.24518554706573481 0.0056858400543614608 0.024719476865619303 0.27783495419546683 0.96029389090713746
1671109065.2848306 -33.412118999060986 -162.20833859614282 0.22543690542355171 0.0029102808488721296 0.030140030597051708 0.28093374281261974 0.95924936328896371
1671109065.3857508 -33.457527322770652 -162.26563786330931 0.2336497252866625 0.0048307541160107206 0.02727641188870035 0.27860209694359861 0.9600070482802604
1671109065.4852474 -33.49065636419207 -162.26615130550937 0.22689453210718924 -0.00054273252215070265 0.025163917878335551 0.28060993157473713 0.95949181808916073
1671109065.5848398 -33.544877213391665 -162.1088723839417 0.21764799671880897 0.00024910812092515455 0.018021013419471269 0.2835986342065821 0.95877369368200782
1671109065.6856871 -33.526525154495239 -162.10744683968426 0.21649612147659059 0.003807297497587449 0.029346954294049047 0.28082230443864009 0.95930344213350949
1671109065.7851787 -33.59876777765453 -162.13160195054823 0.21901133027225722 0.0028847897534197749 0.029125189962422162 0.27879810882430978 0.959903649234505
1671109065.8847334 -33.68991751032025 -162.20160004930534 0.22115308501720421 0.011000645143900816 0.027751131527305902 0.2797421548679061 0.95961095621883796
1671109065.9856074 -33.813853550434111 -162.24930205480092 0.20441120659708967 0.0075635805085112187 0.024516227457399797 0.28097859848861839 0.95937103043218896
1671109066.085113 -33.826986066085098 -162.1867481215545 0.20914660397544493 0.0075853844892054025 0.027836375673285872 0.28891105785757115 0.95692110373799666
1671109066.1846566 -33.949272721269729 -162.15846566460095 0.20475056556612248 0.0085104951467908536 0.029221335317481719 0.29324435153393347 0.95555294742262331
1671109066.2855015 -34.009103526559471 -162.20282592992572 0.19896656187772749 0.0092744231490352845 0.03051369495851643 0.29193081775485041 0.95590757771879575
1671109066.3850763 -34.084304528129103 -162.1776368251212 0.19405678211972111 0.002140487654138829 0.027541931820060664 0.29339049895204017 0.95559346765708619
1671109066.4859521 -34.147974722549321 -162.22967205317133 0.18793248798996198 0.0054567691367459984 0.030684027326471932 0.29478963831538041 0.9550538117192684
1671109066.5854397 -34.144991279867291 -162.27840299932399 0.2017252015918492 0.0051428586108237043 0.032692492710546209 0.29229776894256332 0.95575455332259851
1671109066.6849232 -34.169972978064415 -162.55286621553154 0.1966203397497534 0.0048251279530286354 0.031290386808661232 0.28497382288585116 0.95801229120686382
1671109066.785826 -34.255469044347109 -162.53078448695504 0.20250084301531307 0.014390820796911482 0.025669462257393843 0.28831053130198886 0.95708464647834168
1671109066.8853736 -34.321068584378061 -162.58535937672221 0.19047530511319621 0.0096167379145558445 0.025466057093107154 0.28806855894364863 0.95722280772876644
1671109066.9849339 -34.347761227184535 -162.5891884544514 0.19551213412880891 0.011883240216590913 0.027323930861572154 0.29272219202177618 0.95573317913641209
1671109067.085736 -34.422195953933894 -162.6284302274801 0.18667630500793447 0.014047333640695537 0.026664973416310665 0.29225497372870812 0.95586540995117431
1671109067.1853132 -34.457037816545366 -162.63469337829687 0.17963765503019086 0.011073051675309753 0.025633362359201883 0.29025132987742758 0.95654298584284358
1671109067.2848208 -34.359126457922159 -162.98927121942305 0.20008569929897774 0.0093681154693132321 0.022085320320221345 0.28445393434770072 0.95838950133701939
1671109067.3857026 -34.562456973792614 -162.93383940870055 0.17911394539922465 0.0082923350273715907 0.025560964300230533 0.28601502862123807 0.95784825399779716
1671109067.4851723 -34.639358759552238 -163.01286270748432 0.17632714323401438 0.007037668685153175 0.029704481535380783 0.28555319642352239 0.95787655102758495
1671109067.584764 -34.696503164872524 -163.04559989403654 0.16701934660226103 0.0085574798863138884 0.028486576992322234 0.28642352546192101 0.95764129429093658
1671109067.6856022 -34.834863446967304 -163.08336816941573 0.16305911988168947 0.018942612428768379 0.0247579827728821 0.28922332585310245 0.95675393257925068
1671109067.7851598 -34.834223515178266 -162.96669748337678 0.15581210672259321 0.0060764123075854526 0.02882359621821794 0.29470020222102217 0.955135628235805
1671109067.8846908 -34.877584652078149 -162.91582205666808 0.15737561603486533 0.0094307913836996025 0.028744154516446862 0.2984008256367911 0.95396110036745896
1671109067.9856238 -34.928898304206136 -163.00087601409015 0.16612122835963961 0.011492417533570037 0.027485514728489428 0.29504661440903107 0.95501830670679433
1671109068.0850835 -34.998858837404846 -163.12817513586245 0.15999352093338959 0.0092784961809573401 0.027981789978837053 0.2981348612921354 0.95406841128952558
1671109068.1859298 -35.02108902481347 -163.29310493851062 0.16913994152992951 0.0052897499688433422 0.024430767461445645 0.29154622637749272 0.95623007379581804
1671109068.2854774 -35.042586383758483 -163.34435717577725 0.16539689594805235 0.008109005362262384 0.028151243040307278 0.29277416997062611 0.95573272254607422
1671109068.385004 -35.071798518739641 -163.40432039442388 0.15927062514573326 0.0081501750447566731 0.029767416918957536 0.29011247676030455 0.95649476023902735
1671109068.4858634 -35.191620349493625 -163.38551496211676 0.15450446633696546 0.0099028465635096416 0.031355956629669127 0.29317824578265267 0.95549215266980836
1671109068.5854268 -35.276319096058607 -163.482765539404 0.13927962883412831 0.017929379119177354 0.024970157518034181 0.29195417417624608 0.95593817204827192
1671109068.6849322 -35.280884933850167 -163.46072162006553 0.14309120933413499 0.010211737395737087 0.029782162885617174 0.30064529482614699 0.95321621361164133
1671109068.7857971 -35.359932568287846 -163.51885990705415 0.14815085884928691 0.012128632574323674 0.029439804469344626 0.30312680013093785 0.95241815250816297
1671109068.8853343 -35.392699810908738 -163.55770143015664 0.14262582298219195 0.01166061328157969 0.028643339174165651 0.30091461469728298 0.95314950762219719
1671109068.9861734 -35.459475628139081 -163.62443715917715 0.13957580054327839 0.00706346666319354 0.024140135429983289 0.30259306112267342 0.9527879095898153
1671109069.0857065 -35.477975723160803 -163.67999138839579 0.15462688875347369 0.012227090161294597 0.022590029920574087 0.3012159137620713 0.95320992552053063
1671109069.1852748 -35.585036096495386 -163.64362085947823 0.14375585858970874 0.011173776712605617 0.025485210730923299 0.29933225487471143 0.95374307438617767
1671109069.2860847 -35.656603195796905 -163.67819528066013 0.14520145100057119 0.0096502235749456478 0.025481842543907684 0.29922284152956086 0.95379412872616087
1671109069.3856611 -35.710177227523921 -163.73003524330409 0.13989822573214761 0.016915481098249811 0.023716331989795381 0.3007897523020473 0.95324547048818309
1671109069.4851592 -35.766184430494903 -163.78637538025194 0.13390735430270423 0.013645387126370409 0.023829291296769643 0.30284547942681789 0.95264399640012742
1671109069.5847406 -35.898310214839874 -163.7188522098109 0.12530980687588444 0.013668307751180149 0.026809577747135913 0.31228194219811611 0.9495127237068558
1671109069.6855497 -35.955219902418555 -163.80412296992355 0.12784336717873801 0.016171561374931111 0.024394352875461812 0.31214921558315467 0.94958215198123097
1671109069.7851233 -35.988286238493025 -163.8680699985072 0.1120249889954924 0.014895993529950574 0.024704181701294521 0.3110836683072889 0.94994461106724837
1671109069.8859236 -36.064022679871321 -163.96814545745141 0.11175915988981722 0.012525047138311002 0.024159849278698759 0.30697695257990071 0.95132779601027695
1671109069.9855046 -36.088170045700672 -164.0077481004011 0.10997425526231519 0.011499978202099307 0.026666079591130105 0.30847691785257891 0.95078844221665004
1671109070.0850644 -36.149724396529791 -164.07654386346289 0.10972904795408245 0.010154132308439479 0.029869290090787076 0.30763851714589774 0.95098015850742557
1671109070.1845846 -36.202451555612683 -164.12025457396282 0.10150000467300407 0.012406899630272066 0.030038669165124546 0.30734365015967124 0.95104344164863586
1671109070.2854323 -36.34575953914225 -164.17540101683736 0.096560030305385514 0.02098894086337643 0.022762944923723896 0.3104478267860909 0.95008602744363446
1671109070.3850031 -36.310760860440134 -164.04151918984465 0.098026794417202356 0.015981596329412016 0.025987797891578006 0.31427579282190476 0.94884137187712958
1671109070.4857883 -36.352136058259013 -164.15448573080673 0.10129766491949549 0.017185246976393422 0.026868282027557921 0.317465624542973 0.94773326413120484
1671109070.5853605 -36.488138101072607 -164.24825879768804 0.08649123445302237 0.017784419554482844 0.026332800492158664 0.31581219555401657 0.94828948912170374
1671109070.6848698 -36.566910909521582 -164.31244456859307 0.082324250087141893 0.013270946019476811 0.022537517275754655 0.31555130543497084 0.94854800402777661
1671109070.7857733 -36.554422956156728 -164.34129194152652 0.084953428317606383 0.018826497688007007 0.027954714929208469 0.31533695760585823 0.9483810943212182
1671109070.8852849 -36.646822817596792 -164.36836496012137 0.073971819493174495 0.015458931213587266 0.029267444965589716 0.31400071412810493 0.94884560895751635
1671109070.9848359 -36.670616103708745 -164.40150739551001 0.078507254108786506 0.015389244337843427 0.029652019827995164 0.31464348003220988 0.94862184739339139
1671109071.0856853 -36.779622443380951 -164.54936335934772 0.058603444321453479 0.024133020021554815 0.025861756651298817 0.31631439666597111 0.9479947095577016
1671109071.1852083 -36.816210216780007 -164.59217342376411 0.05946706790029993 0.015546186878520749 0.027681908627501542 0.31681530366060184 0.94795574336290478
1671109071.2847457 -36.859358498260377 -164.57767498058155 0.066589106482267291 0.018200587386506744 0.029376173290828599 0.3199584516541189 0.94680112393082427
1671109071.385602 -36.910612635183334 -164.61437544202357 0.066003876899182745 0.019748768619561995 0.028478918827466355 0.31935688981582599 0.94700058830372014
1671109071.4851034 -36.980021504178644 -164.630808226493 0.05835482428371902 0.018161027027664912 0.027782775983597768 0.31982014939657444 0.94689670318144969
1671109071.5859718 -36.99404873896539 -164.6766948470883 0.067805705580115172 0.01487205450176002 0.025668769289580007 0.31942971103673534 0.94714549884642474
1671109071.6855168 -37.064206140257419 -164.70788614517227 0.06353734333962191 0.016063648733577001 0.027206020923269118 0.32152439547774031 0.94637405645313444
1671109071.7850983 -37.09533532744944 -164.68762325485125 0.05992008036971086 0.014102714254028476 0.028922510746149863 0.32012630706936746 0.94682825757628142
1671109071.8859267 -37.134957857915758 -164.74265822097436 0.061881506943702591 0.015364553827668836 0.027498493529056745 0.32137406475452568 0.9464282718951621
1671109071.9854066 -37.176876083995403 -164.81012307438999 0.062407979346066678 0.025057456770679845 0.024282745852019175 0.32145623535404838 0.94628133283187732
1671109072.0849495 -37.220304979360101 -164.91282240179851 0.063661800675839098 0.017307530806982135 0.02223179231500742 0.32285541660385447 0.94602884562648482
1671109072.1858711 -37.238664434041084 -164.93353640918806 0.063096085624396725 0.019054246084974458 0.024603409023478903 0.32395172604628225 0.94556167813749259
1671109072.2853851 -37.281980053818224 -164.92397660830767 0.054308115487545661 0.023011594339539861 0.02155793894701017 0.32467566038501749 0.9452996547909357
1671109072.3849616 -37.338656488175687 -165.09779077222794 0.041884182655438695 0.025737618715060057 0.012365523065004201 0.3197495073009855 0.94707176148536076
1671109072.485744 -37.336074283991756 -164.90854763637708 0.012868710210919287 0.014351639134166613 -5.8432410927844004e-05 0.31557214583438709 0.94879304793684927
1671109072.5852759 -37.406149121315032 -164.92299006912262 0.017376993443816879 0.015735417047993746 -0.0033887322776400088 0.31355012149578443 0.94943521867152958
1671109072.6861703 -37.349887708981704 -164.89972887588442 0.0087021369511260938 0.01717971140787234 0.0020555174631980322 0.31130066432511194 0.95015395002843861
1671109072.7857265 -37.32232534377426 -164.96997355644257 0.0041709126440807598 0.018160070686616028 0.0051011189157714422 0.30816520781417522 0.95114583272561859
1671109072.8851931 -37.326112303703276 -164.97402102771252 -0.0022388727070298819 0.020809143085854336 0.006629251431616804 0.31029746905358124 0.95038861172071643
1671109072.9847474 -37.33737394542247 -164.92876677770539 -0.001800143266748766 0.014868863531369434 0.0036155778190105274 0.31768855811775132 0.94807163470667366
1671109073.0855951 -37.383843811780217 -164.91604847268982 -0.005367278114520091 0.014147161454920936 0.0015260695497384077 0.31827313933914553 0.94789226060228104
1671109073.1851649 -37.386549983443693 -164.90253360675052 -0.036040938093280517 0.01023265806603821 0.0039664072425800922 0.31730378727943648 0.94826044254762398
1671109073.2859967 -37.41733903249763 -164.88359823023231 -0.034767760405317039 0.0096123260780439784 -0.0050395563751468387 0.32097099909313809 0.94702683372756857
1671109073.3854728 -37.356311596195212 -164.88899387565704 -0.034400433539599262 0.014583883332678177 -0.007399786582101232 0.32038962208529131 0.94714467932070567
1671109073.4850912 -37.361159214874355 -164.89405956774354 -0.03252126351445922 0.016918901826492364 -0.0092319813870025864 0.32262458347785222 0.94633075582293003
1671109073.585938 -37.352193395880981 -164.91315130070001 -0.038739133252948588 0.017773027360491394 -0.0099044972043515929 0.32355004241768837 0.94599227823755738
1671109073.6854775 -37.323227697477492 -164.90888059053421 -0.032879978389293074 0.018238026757118199 -0.010455814942868919 0.32633680559785239 0.9450197562094016
1671109073.7850695 -37.337930737135558 -164.90803555969001 -0.036732174431532705 0.018016363451507224 -0.011541925563083573 0.32783959057155987 0.94449107854767556
1671109073.8858404 -37.348524457113072 -164.94912308874726 -0.034028976397216415 0.017732442748587537 -0.012241248228446326 0.32821109461122605 0.94435861286382017
1671109073.9854155 -37.351544356232139 -164.93623661936968 -0.035929169151932061 0.017396786030883991 -0.011761415042548507 0.3288859013439937 0.9441361580032519
1671109074.0849175 -37.352143084181101 -164.96106751775295 -0.036526406473666562 0.017286779938378644 -0.011725355184156672 0.3291921572862912 0.94403188869146004
1671109074.1858492 -37.341087639710679 -164.95497039043755 -0.035963839935511388 0.016971258834375304 -0.011857790931358528 0.32956164047039871 0.94390703689413424
1671109074.2853079 -37.34343881667629 -164.9472248097062 -0.036002386825531807 0.016835847781649239 -0.012231874423520606 0.33007982771762989 0.94372360509391739
1671109074.3848758 -37.323915818303448 -164.91832482015639 -0.035598396342247818 0.016379083763344182 -0.012364669315462668 0.33004213400081478 0.94374309552546176
1671109074.4857187 -37.3248998133298 -164.92125557121039 -0.03227508550286301 0.016055414785404322 -0.01260770182410342 0.33035785975289911 0.94363496862413221
1671109074.5852304 -37.323490501786772 -164.92193070137202 -0.036462258037924855 0.015972975384326737 -0.012388315507884797 0.33021385224401362 0.94368967647337199
1671109074.6847339 -37.320968225900458 -164.92320409758241 -0.036511490635573962 0.015829584809269045 -0.012510613395595291 0.33036610388889781 0.9436371899191458
1671109074.7856479 -37.316658704195547 -164.92244344680012 -0.03273218263611205 0.015312383928210426 -0.01282065167393793 0.33047205703731647 0.94360446231809192
1671109074.8851333 -37.329809323277324 -164.92668316690325 -0.032583416245132724 0.014702985215173952 -0.0129705825592194 0.33064165925027716 0.94355269030513633
1671109074.984725 -37.34118281329274 -164.90133633801787 -0.039291661515832021 0.01489733817510114 -0.012827438797570083 0.33039452063756342 0.94363816522111166
1671109075.0855865 -37.359482647762448 -164.85620658348202 -0.039404306688159807 0.014879366398568425 -0.012977041006769835 0.33308895091936819 0.94268868224760205
1671109075.1851282 -37.353203281182793 -164.85657954642176 -0.040108848279714615 0.014870882295970932 -0.013019550239940088 0.33426819706225341 0.9422707257492613
1671109075.2859745 -37.328060473614187 -164.868387301524 -0.0351547018140555 0.014816180353362131 -0.013110959840070243 0.33255790236481103 0.94287529668908265
1671109075.3854561 -37.327549926015735 -164.90071832372396 -0.039117356608808163 0.014795173724147825 -0.012816423662971222 0.3292420810756268 0.94404263366012975
1671109075.4849641 -37.34979290221743 -164.89300736803114 -0.040674358217418272 0.014699667922385523 -0.012969768800475998 0.33118381856066498 0.94336259369545195
1671109075.585927 -37.33207221337743 -164.86904533924758 -0.040057332839816884 0.014700307820135988 -0.012910296927931601 0.33224056642689431 0.94299174503468608
1671109075.6854324 -37.344683265960214 -164.88267027929425 -0.03562151805162439 0.014617265496048944 -0.013079608074909474 0.33158673862837212 0.94322080880768544
1671109075.7849226 -37.335384205303342 -164.87755474369675 -0.038323695138096858 0.014472327967744716 -0.012955731690016636 0.33137764702559963 0.94329823268749291
1671109075.8858123 -37.344215470387041 -164.87868856543452 -0.033303856537491183 0.014249989659558036 -0.013336526238461979 0.33143026139942661 0.94327782582402575
1671109075.9853816 -37.340291237885879 -164.89266116441041 -0.035918685818463636 0.014276801506219319 -0.01319424834485732 0.33213609298644448 0.94303112381568088
1671109076.0848656 -37.338474940374496 -164.90070873997956 -0.037029685095697706 0.013944772023852558 -0.013251468818691861 0.33208869655683365 0.94305198134913715
1671109076.1857781 -37.326999510701 -164.90434621245413 -0.037604143440723492 0.014065159800514223 -0.013343072443588717 0.33253499687438282 0.9428916213177978
1671109076.2852564 -37.338035105536136 -164.90804931834191 -0.037372031899541691 0.014078151449735791 -0.013342604561317303 0.3330247670954597 0.94271856089518746
1671109076.384788 -37.315772708419154 -164.91151125897764 -0.019466390265524491 0.013942410787968276 -0.0081761777102882377 0.33420515099148612 0.94236175450313531
1671109076.485682 -37.351386135395245 -164.96570986801683 0.0060347633153199354 0.014480813514021321 -0.0034184280033086041 0.33702754701169546 0.94137721076369696
1671109076.5852029 -37.316236471217124 -164.95796801599712 0.016233193654566935 0.018183120512555245 0.0015779521543214769 0.3357660493759051 0.9417685725707361
1671109076.6860833 -37.341478028032185 -164.97243456301464 0.0094883891085161265 0.014297822446360771 0.0045957666169635786 0.33567747395566211 0.94185725281554233
1671109076.7856016 -37.355050891812894 -165.03745681310667 0.020611880629043955 0.012406999160598555 0.0041512029779452037 0.33592927578947085 0.94179634505195786
1671109076.8851528 -37.419351120261851 -165.05706845384762 0.03499099596925076 0.016741270116428252 0.0026482436827522438 0.33664809655391237 0.94147797412733625
1671109076.9860015 -37.463440790216623 -165.10842613936737 0.025983058241940915 0.018012817397520031 0.0040860407733807657 0.3383288641234341 0.94084665189453098
1671109077.0855348 -37.490048867534099 -165.13226594332903 0.027471960854530242 0.0182545665239215 0.0036922796361557233 0.34111132286084234 0.93983839211230269
1671109077.18506 -37.513148435034601 -165.15733142331689 0.01850903748543925 0.018950650533085714 0.0077029290007964383 0.34223149069578962 0.93939296596542554
1671109077.2858648 -37.597335519998524 -165.18002931165992 0.015614433672092753 0.018235313819668367 0.0034380548672392486 0.34055721222520702 0.940040657796259
1671109077.3854609 -37.641699629007277 -165.20630963023902 0.014943413174524856 0.027682690391282308 0.0080713228000512394 0.34490887177940344 0.93819315312403384
1671109077.4849873 -37.734752353037891 -165.23784391001314 0.01736445533446962 0.027543358724636483 0.01285958757771 0.34281773815411098 0.93891000250524359
1671109077.5858777 -37.727649425385891 -165.31461468569188 0.019950106721743854 0.032024064841769298 0.016516015416972774 0.3419918874958458 0.93901183666276811
1671109077.6853299 -37.774030927532912 -165.4141481901288 0.019664038271456852 0.031939379084573276 0.01667865945046763 0.34323454882688303 0.9385583321638743
1671109077.7849035 -37.788081775979698 -165.50179394744188 0.022887987142801214 0.029622504724400974 0.019315105958494807 0.34666191664733931 0.93732328971495116
1671109077.8857434 -37.842536448405681 -165.50086382540763 0.013085300932824562 0.03008889182632556 0.020053411702650795 0.34972454071517306 0.93615450908987718
1671109077.9853117 -37.9163454541862 -165.57634041273147 0.011516307303309326 0.030738055587196226 0.021905727612121027 0.34966549873634628 0.93611396209540865
1671109078.086174 -38.031941057845948 -165.56155268987939 0.0049567192554473283 0.023321275344602845 0.024062135253641922 0.35414259090746986 0.934590903587597
1671109078.1856782 -38.100537319383022 -165.66754089748338 0.011180360299348768 0.020886486790277728 0.027446503768836117 0.35439636067018659 0.9344590219181117
1671109078.285223 -38.156842582631114 -165.73142233309895 0.0037133251667021971 0.018137855061711682 0.029642555492168304 0.35532105464547775 0.93409811328536552
1671109078.3860974 -38.189179405045508 -165.73231395445913 0.0038286414086818321 0.019561028949540479 0.028950981575232959 0.35741941913367964 0.93329018297548205
1671109078.4856143 -38.227400114691257 -165.84325828347653 0.0058782759934662976 0.020202532447188223 0.030521133945811844 0.35739536312901188 0.93323570038831238
1671109078.5855277 -38.30170619093478 -165.88999796269871 -0.0018601687878371798 0.010395129333692049 0.031017984488685559 0.35963200075839202 0.93252058956084793
1671109078.6846716 -38.351218719261887 -165.9459801912466 -0.0041314949199557915 0.0098618234933690666 0.033849527591962247 0.36216968467110583 0.93144515320249444
1671109078.7855911 -38.379931082785127 -165.99067272522711 -0.00145068217515959 0.0078931032797283605 0.032720796544101524 0.36001157705480569 0.93234044896735369
1671109078.8850601 -38.470525605048238 -166.05611645793988 0.0071558854490517687 -0.001011305087284469 0.029779907929143628 0.3592954103559885 0.93274805946883321
1671109078.985918 -38.55394011178911 -166.06495366067736 0.00090479934960596697 0.0022883548092980247 0.032388672581816012 0.3611010143881197 0.93196126246133526
1671109079.0854356 -38.599322795513274 -166.0769223554492 -0.0051867999456823299 0.00077215370732782254 0.036421659089860309 0.35918015851955376 0.93255695818199891
1671109079.1850026 -38.651001425921919 -166.12816803697868 -0.0012037449061871319 0.0031076076958352246 0.038726506844397879 0.35824310273941301 0.93281963947039526
1671109079.2845385 -38.715273616525529 -166.23606878954786 0.0024828548297284869 0.011245088455481578 0.036717868976226087 0.35890522288144983 0.93258371585176736
1671109079.3854096 -38.775752677032351 -166.29983913966251 -0.0067429916560650671 0.010091538402612005 0.033665444244391586 0.3593370043529262 0.93254582515775675
1671109079.4849601 -38.813429668575523 -166.42696571541336 0.0018635810375213224 0.011374914809982527 0.035599532154705675 0.36099119847548633 0.93182006806392814
1671109079.5858068 -38.850092276626825 -166.47924034273063 0.0045769060924648608 0.012744417732717809 0.03414467254314868 0.36007096793284354 0.93221275426024952
1671109079.6852999 -38.913518360430004 -166.53239392538424 -0.0023525524109602736 0.011060427880046114 0.034071633864667862 0.36066175158399749 0.93200852552177071
1671109079.7848694 -38.998279154564443 -166.58038978739307 -0.011314692008495386 0.0085784788019565988 0.029679376631925922 0.36078112585716404 0.93213868256253696
1671109079.8857465 -39.016153209742903 -166.61119590902851 -0.01632299390137204 0.0084784706587174106 0.033059711323949609 0.36119467138249173 0.93186564503009783
1671109079.9852867 -39.055481862860915 -166.6855239396032 -0.018443951523304025 0.0075115637835781015 0.035035065693850523 0.3610328256714917 0.93186448551761603
1671109080.0847559 -39.113049809840319 -166.72845568942799 -0.017378784073889375 0.0076293427707377374 0.037389983742141232 0.36228799868315809 0.93128469774543221
1671109080.1856117 -39.198828109300138 -166.8373448503624 0.0082482253819702867 0.01201141358257251 0.031102234659716219 0.36204235138902657 0.93156519511176727
1671109080.285182 -39.245496445378663 -166.852591886466 -0.012438659588992651 0.0092057926273591498 0.033661639633748491 0.3625499351897446 0.93131073863302027
1671109080.3860545 -39.291821495357155 -166.9087421414543 -0.006221247325837731 0.0097322169043807857 0.034681090849476189 0.3587291674409695 0.93274642337493063
1671109080.4855378 -39.342520505905149 -166.95667808961272 -0.017976255778968442 0.0094590941739110829 0.034653853853779309 0.35351557773490366 0.93473866521571003
1671109080.5850923 -39.419249241475761 -166.98576501188316 -0.023349441145360583 0.0058264234204575931 0.0306173539059778 0.34915132921529679 0.93654790573526614
1671109080.6859436 -39.453807855987549 -167.03473036681879 -0.019061399516463351 0.0093708529742037305 0.033494283211589294 0.34559188899016818 0.93774013797580669
1671109080.7855229 -39.498975478246805 -167.03715411339329 -0.02268546120226389 0.0066063321298800177 0.035310448938058313 0.33839982454075057 0.94031648253254174
1671109080.8850541 -39.565747438943383 -167.08398997496889 -0.029664525473117931 0.0061565400830978865 0.03544974653305135 0.33538335440640488 0.9413944009139078
1671109080.9859247 -39.613237594515084 -167.20097904610896 -0.01938794618546974 0.01682680711118709 0.031526611967705315 0.33288513321273999 0.94228998688631782
1671109081.0854318 -39.649645984971521 -167.24145833843798 -0.022416381670534724 0.0088844886950638115 0.031439089687221221 0.33191428188696709 0.94274363375189396
1671109081.1849718 -39.70560429755151 -167.25947190277986 -0.028297129444778024 0.0092066347515401808 0.03582696196362567 0.33075554698091125 0.94299121672175024
1671109081.2858276 -39.750903855678438 -167.32502388237853 -0.027769102469086704 0.012901779240799825 0.034634839401086845 0.32488295488549568 0.94503176540101108
1671109081.3853979 -39.822566619643567 -167.34817745049699 -0.026019757395982834 0.0087537334537730795 0.031162114843039813 0.32171734464451679 0.94628232832702242
1671109081.4848981 -39.906657063609359 -167.36567351162955 -0.023241716754436592 0.013196593033301056 0.029198779046472223 0.31877015631069128 0.94729027688463374
1671109081.5857348 -39.922828431278468 -167.43556465873257 -0.030884527297318054 0.011249582473402631 0.032362562191801628 0.3110196702944612 0.94978570012002206
1671109081.6852899 -39.982946774092319 -167.50741797475331 -0.044018030679225995 0.011142080966957728 0.033897183312178759 0.30730925167305512 0.95094051277215719
1671109081.7848969 -40.036972155833247 -167.58042905558571 -0.037579057838022845 0.013557863472883952 0.030812282548847714 0.30529471270200442 0.9516627165011674
1671109081.885654 -40.084128903314472 -167.62266900926585 -0.033971500244736719 0.0092275922123353556 0.031556367816868207 0.30248506723880847 0.95258691534668005
1671109081.9851894 -40.121988976147769 -167.64714084929432 -0.0354025610893966 0.007267919225680073 0.034020086611914344 0.30160282347857503 0.95279879719004601
1671109082.08605 -40.186671061524748 -167.70703235633121 -0.034986273652315214 0.010140890167739244 0.03308634224818089 0.29712009602683603 0.95421281946966419
1671109082.1855731 -40.248384579616783 -167.77121469872873 -0.039868273715674973 0.0068891932023622277 0.033698937870023246 0.29344179342448723 0.95535796143397134
1671109082.285111 -40.290509621843697 -167.80084852592199 -0.037935636834800335 0.0028682054462210306 0.02916576832975748 0.28485466705304963 0.95812261742083382
1671109082.3859892 -40.323820782345535 -167.86588351259417 -0.053654404929280364 0.0037571720368342948 0.032403885045972164 0.27815693410451015 0.95998155810504626
1671109082.4855437 -40.372005694290998 -167.88927236529551 -0.065986688855290521 0.0056229011028662351 0.041420227784829532 0.27205292008331095 0.96137399402500157
1671109082.5850694 -40.427028035962579 -167.92186876501688 -0.071144807571172863 0.012808341478040386 0.04796824388327027 0.27117763885909379 0.96124798161043956
1671109082.685885 -40.472825441578031 -167.94393729502036 -0.055541616445779873 0.0061727984994757925 0.040308615118550273 0.26771678855704145 0.96263431957863099
1671109082.7854576 -40.534589078855518 -168.00751926488988 -0.058952708624303407 0.0050343867252393218 0.041617537840849976 0.26679967034775459 0.96283984722107119
1671109082.884979 -40.577832216739651 -168.01671641978658 -0.053986432988941735 0.006261041127596738 0.041532654264330407 0.26465722093096433 0.96342741989360925
1671109082.9858365 -40.627702014818787 -168.04327984790095 -0.053820976665616083 0.0061181551113225442 0.040929624817573299 0.25877859844960788 0.96504972461256278
1671109083.0853517 -40.710408856526016 -168.06562530628668 -0.035120129545405609 -0.0040475889581709145 0.027666980344744636 0.25118930593793776 0.96753402410698008
1671109083.1862178 -40.772780000257491 -168.10050039631352 -0.045354673442244586 -0.0036379170832280031 0.0246597490477777 0.24432881295770514 0.96937200985734828
1671109083.2857823 -40.819381838247182 -168.12238731941505 -0.056352352203987599 -0.0090848284978362042 0.025553662502162382 0.23712096433025759 0.97110150061617095
1671109083.3853073 -40.880511062297224 -168.13219051645845 -0.05292976033799357 -0.012188949813452732 0.023208121271260089 0.23340615445438712 0.97202591512382963
1671109083.4848578 -40.93994370428026 -168.22134299698436 -0.042447505741566471 -0.0015708486495909888 0.018724612232231565 0.22719464171866091 0.97366807285933021
1671109083.5857124 -40.97260514384508 -168.23111357060597 -0.059523313808511058 -0.0042636975036140466 0.020560958780375716 0.22314789054450543 0.97455840605023092
1671109083.6852603 -41.02680991587043 -168.2932288169101 -0.057093508136458748 -0.0046374107889313081 0.022670721121504894 0.22267208241429756 0.97461873393562781
1671109083.7847733 -41.072905172748861 -168.34481595664994 -0.054564329316746485 -0.0037027240942388464 0.02212412626092022 0.21952303036406751 0.97534939996457137
1671109083.8855958 -41.156368505528569 -168.33173537058943 -0.06498070431649694 -0.0001373026351313304 0.021088838297731234 0.21544978810992502 0.97628716618146061
1671109083.9851522 -41.203929526911679 -168.33344195938037 -0.057736688877642273 -0.0069277527692072349 0.017057319848186522 0.21402359778481517 0.9766549819011876
1671109084.0860209 -41.257117064169798 -168.373284717308 -0.051599351125210635 -0.0077221917935784649 0.015184124663771396 0.20774389673593266 0.9780349091321171
1671109084.1854606 -41.295675335270168 -168.43622331009806 -0.067506830932200002 -0.008855798034998516 0.019196325867098366 0.2000441707908204 0.97955878110860739
1671109084.2850986 -41.349747327014803 -168.46539934699089 -0.066112830680981338 -0.008715686228884521 0.020318865265815878 0.19550855640803735 0.98045274485775935
1671109084.3846118 -41.424851142036914 -168.50060205729008 -0.070269715017732326 -0.0043632635781170447 0.020676438404560505 0.19046520075317155 0.98146648140825687
1671109084.485455 -41.479426216240228 -168.52550221053735 -0.070618757669441479 -0.0058627863078133764 0.019370570033736583 0.18646673580154624 0.98225280106131196
1671109084.5850482 -41.553639093355834 -168.55595071376561 -0.080855428997427314 -0.0074372121420232902 0.022139820971866064 0.18403244943603411 0.98264264804529111
1671109084.6858859 -41.618622818416355 -168.5597848921135 -0.077459360454231574 -0.008392548944410945 0.021573811449243675 0.18266814147418139 0.98290207338886848
1671109084.7854283 -41.673951394793392 -168.57097520579771 -0.083012535633146867 -0.0086891959431785407 0.02181102595379926 0.17851017575178776 0.98365791521939661
1671109084.8849194 -41.759228849242625 -168.57679866464733 -0.07010622632578023 -0.015269878857412 0.011454622829865301 0.17616792731638831 0.98417502701529336
1671109084.9857759 -41.805502596962455 -168.54977102159486 -0.07921130780428659 -0.013205698000098447 0.012545159457210948 0.17603251281059665 0.9842158213258464
1671109085.085288 -41.847959326871482 -168.57198420256972 -0.10022847856506711 -0.013078375171068564 0.015773795029002155 0.17427377730993748 0.98448402426621129
1671109085.184896 -41.913712020422516 -168.59166475408227 -0.1036412342637778 -0.01486764235293331 0.017801155160372999 0.17321145376458577 0.98461152967583132
1671109085.2857175 -41.986669616284964 -168.66665865742266 -0.071761119336448687 -0.004075587377371943 0.017749610859970094 0.17216256207699607 0.98490019449735799
1671109085.3852632 -42.050538368906082 -168.68152295888066 -0.088328602461516914 -0.0078029074698625165 0.021005800901398568 0.17390869536263967 0.98450679867676494
1671109085.4848003 -42.109102020676431 -168.70723061727733 -0.096415589859895456 -0.0077610126503917841 0.024296165487565274 0.17857236461198409 0.98359614355797764
1671109085.5856469 -42.175243531538548 -168.74366727788001 -0.092904543034918685 -0.0078175753278206667 0.023896447128619779 0.17916958218885792 0.98349687653235229
1671109085.6851406 -42.244084675242007 -168.77136882449091 -0.10963769779950389 -0.0070753911116349976 0.0251690587395339 0.18012998452822068 0.98329529948873762
1671109085.7860794 -42.332897577627001 -168.79493436406403 -0.098090882100537458 -0.0089479062037049022 0.01728657796995697 0.17929697814528991 0.98360241094896961
1671109085.8855257 -42.431637186199424 -168.81301374463811 -0.10009154945053172 -0.009237417074704643 0.0083364190675417494 0.17685773917899117 0.98415776902659979
1671109085.9851222 -42.591373162046075 -168.88326860604863 -0.12631229385882625 -0.0054608763298701632 -0.01083849319045725 0.1721430393437163 0.98499719791508955
1671109086.0846324 -42.593200743134318 -168.92224766484202 -0.14927218902409084 -0.013327108336324471 -0.018875362247857484 0.19077151909612497 0.98136248979934049
1671109086.1842067 -42.67534865268469 -168.88331727181375 -0.16204763392210014 -0.024894825094933942 -0.01882708420054461 0.20736320753169687 0.9777659682900427
1671109086.2850144 -42.765114503107966 -168.86125061213971 -0.165454346530512 -0.033661304232621862 -0.013936009797294877 0.22017387193011673 0.97478006255133731
1671109086.3845649 -42.757903243690727 -168.86809400927424 -0.17121905180700131 -0.037368089606112424 -0.0092369643971069258 0.23412574203465661 0.97144399801771253
1671109086.485394 -42.798492217890171 -168.9010890705049 -0.14409010436534891 -0.034996961411258361 -0.0030096955577780696 0.24246894083869444 0.96952306169228897
1671109086.5862877 -42.835382936781834 -168.86399890491367 -0.14591158319711695 -0.033130850813707591 0.005183477759260282 0.25205803360399887 0.96713092494158437
1671109086.6858332 -42.887295656098331 -168.84240757760705 -0.14216560226231817 -0.034227585915322961 0.0094926649517557051 0.26248731387455626 0.96428147951178811
1671109086.7853832 -42.935295493960751 -168.83393787933588 -0.13891462820172318 -0.032835402014577846 0.013557646835139995 0.27834681439135672 0.95982346163501253
1671109086.8848572 -42.992260979914668 -168.86626598111988 -0.14758823653161535 -0.033163239824149968 0.018945706085950264 0.29231973682790674 0.9555576545693798
1671109086.9843993 -43.022954094951224 -168.85061864697337 -0.12995626249313363 -0.03350892453169025 0.015899189048607973 0.31509685917825048 0.94833450696488308
1671109087.0852623 -43.091191017368899 -168.89237064920067 -0.13350380918383609 -0.031968809263314003 0.013082706462612673 0.33446550987591234 0.94177473990829941
1671109087.1848295 -43.128436584587398 -168.93960413241089 -0.13664686276465665 -0.029233915421000827 0.015851536529138559 0.34910774083024887 0.93649233433660473
1671109087.2856789 -43.192900055732579 -168.95635491672604 -0.12030248115807779 -0.023419516782947417 0.016698782798294242 0.36149641437779867 0.93192972872352531
1671109087.3851953 -43.247339192856849 -168.9986075630471 -0.1433697048366071 -0.015035539980170891 0.019940466473202533 0.37690830193329705 0.92591384170887858
1671109087.4860506 -43.258616020327807 -169.03619865887165 -0.14146392531190077 -0.013044051987979777 0.024023414722239064 0.38773343391416532 0.92136611207377705
1671109087.5856175 -43.309641028663513 -169.11308776353894 -0.13636340181380519 -0.0081300696803456689 0.02446516629830179 0.40408868022244027 0.91435643822366974
1671109087.6851308 -43.362014956606927 -169.17860044317766 -0.13238134718835359 -0.0046677199487346541 0.02331790982582848 0.42282095924692731 0.90590116673583276
1671109087.7846599 -43.387889544217288 -169.22990266418904 -0.11330481630265726 -0.0040839134870294599 0.024593088240474806 0.44035247246592996 0.89747880289986193
1671109087.8855309 -43.422929233188924 -169.27068961794973 -0.11736740457862621 -0.0029899626986693295 0.027625172212241783 0.44806932774964381 0.8935668903407773
1671109087.9863348 -43.451331549255549 -169.32515446299686 -0.14279645213261255 -0.0024068726013482902 0.029848389811354757 0.44601484115728457 0.89452447817675307
1671109088.0858731 -43.516728752711415 -169.38274902706445 -0.13908314919471754 -0.01008149245760253 0.022322778456400297 0.44775251248327969 0.89382198710745764
1671109088.1854606 -43.546080317521096 -169.39470599389077 -0.12689379164092252 -0.0070118705302261875 0.025114289663427353 0.45003123368616488 0.89263206016436436
1671109088.2849898 -43.575501524254676 -169.42848152570426 -0.13499412352815282 -0.0079614908799639714 0.027541333256828643 0.44958403199600411 0.89277784907535673
1671109088.3845005 -43.613610866129399 -169.47866135845334 -0.14370204585064211 -0.0095317215730557955 0.026363508531675614 0.44861511388830061 0.89328527990376116
1671109088.4853506 -43.635241826321185 -169.52062023489029 -0.1425980525494554 -0.011295082224581809 0.026188660610649728 0.44125013534337704 0.89693081853195988
1671109088.5849495 -43.664935040776435 -169.59997079766839 -0.13347531861588369 0.0019968917349212547 0.021693530671540572 0.43805178266197581 0.89868572863769625
1671109088.6857491 -43.685586065760255 -169.64027101384104 -0.13248726888746032 0.00029565493137852916 0.021809887405234082 0.42893723818995649 0.90307092030111635
1671109088.7852597 -43.688764194914697 -169.67426915576533 -0.13642540969774136 0.0041097757183821233 0.023674670868973031 0.42156929656947567 0.90647777021431031
1671109088.8848517 -43.701617516970636 -169.69330366069713 -0.13302164183035503 0.0055797153566041948 0.023158464362048298 0.41296716457567767 0.91043433222130643
1671109088.9857225 -43.710072849300502 -169.74966289886981 -0.14350113473385578 0.0052894951506196226 0.022896464569423798 0.40235309127920255 0.91518291236743621
1671109089.0852337 -43.737754035539922 -169.78352729853242 -0.12722037424966698 0.0011909654793474333 0.018285720858152485 0.3904080222277721 0.9204595538067516
1671109089.184787 -43.758595400069652 -169.82748271539657 -0.14082628697380434 0.0045191427955078682 0.020881744558278858 0.37779676900543196 0.9256420104023223
1671109089.2856035 -43.773653160858153 -169.86144664948844 -0.14256261698007594 0.0039827752562321536 0.022448872752732191 0.36473201754645701 0.93083335833535807
1671109089.3852005 -43.804256738020477 -169.88971359244249 -0.13876501653119927 0.0038643049613918037 0.021428744303820007 0.35357598018761999 0.93515234175993511
1671109089.4847085 -43.839788835029303 -169.94728328542226 -0.14528262398615488 0.014118621883184312 0.018261549008603804 0.34232193843556419 0.93929913808628818
1671109089.5855513 -43.915594589975477 -169.99153890847265 -0.15082229426242422 0.01454388448730062 0.010237300991949961 0.32863310032282755 0.94429018763546768
1671109089.6851003 -43.935449218934771 -170.03171513230279 -0.1513962416790427 0.015627799311201226 0.011166186792352772 0.31936861205309608 0.94743589640486292
1671109089.7859061 -43.962499548405411 -170.08242486093789 -0.14879576497673996 0.020290899756747176 0.011278061709764527 0.30804386182546523 0.95108888328209684
1671109089.8854935 -43.970659979638455 -170.12233517841398 -0.14879148376211537 0.024263101352794511 0.012214575931828509 0.29885466923798049 0.95391194180710781
1671109089.9850373 -44.001938180692491 -170.16111792500914 -0.16310799726322306 0.020801093997654389 0.011047491182467955 0.29450712745146806 0.95535900022314058
1671109090.085856 -44.029026584872604 -170.19579007605017 -0.17270782915726313 0.023589462899328541 0.012804169863600362 0.29011973475358444 0.95661388761649024
1671109090.1854177 -44.062183417962494 -170.22610812197328 -0.1733062356546522 0.025083221462786399 0.013488576878668107 0.28955224112694489 0.95673841250009439
1671109090.2849212 -44.111760113260146 -170.27071513409018 -0.17344950645267976 0.023841752368127356 0.011734544359953138 0.2880237834649188 0.95725449670985341
1671109090.3858018 -44.163389032931626 -170.30527998942287 -0.18069604379348464 0.025125759133117154 0.011590451812748481 0.28791270867062635 0.9572568254343784
1671109090.4853244 -44.22149211310446 -170.36185981948822 -0.18920472426190982 0.025831308474852304 0.011563336787180748 0.28741078553589466 0.95738919625326002
1671109090.5862229 -44.267630306459218 -170.39368770198078 -0.18276197452861825 0.023328304799763829 0.0081465946283318172 0.28575303145291492 0.95798467013131283
1671109090.685739 -44.336048248746991 -170.44289529681504 -0.16460220290254807 0.024974302072496572 0.0060228785461007104 0.28321053373765648 0.95871361873608663
1671109090.785234 -44.367481956197324 -170.46720664523392 -0.17718094224883252 0.027268245238728724 0.0068217599383484442 0.28049873431703104 0.95944273744684094
1671109090.8847666 -44.418704964382947 -170.48639101967512 -0.18752906446373102 0.024403691664549022 0.0061752057795396009 0.27885810437893532 0.96000233556429893
1671109090.9856601 -44.476892287221553 -170.53349129221291 -0.19184069314105445 0.025137327241930289 0.006579326847728933 0.27886103352754382 0.95997987021463782
1671109091.0851858 -44.519692937499286 -170.5622172868207 -0.19308291053057192 0.02574473894683367 0.0073097973090406124 0.27870109222281331 0.96000493565068257
1671109091.1847329 -44.570183156125246 -170.57687212471663 -0.19448393215072585 0.024417878460555865 0.0069453384033533946 0.27767569722323115 0.96033938618466597
1671109091.2855737 -44.626451687746496 -170.62069061722158 -0.19947012527425551 0.025129291227818169 0.0073284052394226879 0.27729108477734749 0.96042931416218036
1671109091.3851452 -44.709345935945954 -170.6531860392794 -0.21566904615187094 0.022714676331186331 0.0066729224854221673 0.27825794202049614 0.96021457668960186
1671109091.4859543 -44.757474660253521 -170.74289127370864 -0.20808061777949344 0.021352467062927205 0.0083813063004579795 0.27915392934768285 0.95997234834383294
1671109091.5855174 -44.81063748345673 -170.7898434926048 -0.20689055883027624 0.023853737722298606 0.009153596672243778 0.28131123040033057 0.95927639526639541
1671109091.6850529 -44.869613316597047 -170.81613978224695 -0.22048462525401274 0.023973903399980852 0.0097493341907308739 0.28119114746877788 0.95930273689998291
1671109091.7859108 -44.946025478690117 -170.85095470405071 -0.22163628913667066 0.019013069158712544 0.0069386127509957754 0.28292923584261115 0.95892721640371315
1671109091.8854189 -45.013411907824874 -170.88705634181946 -0.23210318983644257 0.021941178217759368 0.011760838837197137 0.28381514761593346 0.95855580398431051
1671109091.9849191 -45.043605394093696 -170.93230770342052 -0.24439717696085578 0.02274020052588472 0.013646741321950087 0.28052627338179759 0.9594798901873115
1671109092.0857978 -45.107332748635116 -170.98010349969715 -0.24244496082440031 0.021993490563912692 0.012748088516315382 0.27929614581546802 0.95986844699918128
1671109092.1853452 -45.172605991789702 -171.04235391703844 -0.25315462055020038 0.028905244692803384 0.012523080827406075 0.27987638621887539 0.95951908147410092
1671109092.2848744 -45.243596872544288 -171.09985748851895 -0.26822373650409292 0.023358173445410378 0.013198400445484353 0.28160502944171073 0.95915525612494457
1671109092.385797 -45.284122152251008 -171.13847180755585 -0.25950235350839806 0.024397883129242855 0.013482968438337916 0.28419511788612223 0.95836114687032026
1671109092.4852962 -45.327175389711556 -171.19348127684444 -0.25947270572632558 0.027519927633482526 0.012006699369140644 0.28335796155391696 0.95854408264686286
1671109092.5861554 -45.37793862632811 -171.23016784512402 -0.27273541550692176 0.030023023620645628 0.011597488452269877 0.28491837846870771 0.95801129112606798
1671109092.6856744 -45.433527331140638 -171.28832739412039 -0.26765988953374337 0.028091791584117842 0.010102918156288358 0.28491748076587425 0.95808705838475317
1671109092.7852077 -45.480044674931463 -171.30823129326552 -0.28226961784828464 0.028718920159509661 0.010664330957520783 0.28522521269618639 0.95797081046998267
1671109092.8860536 -45.525564118760826 -171.3388937588945 -0.29426275789439688 0.026317088020983946 0.013034558119979528 0.2840573016296602 0.95835742839693627
1671109092.9855883 -45.570326007314023 -171.36174037045092 -0.28936460445187995 0.025093789982389772 0.013621301474676351 0.28373440284753776 0.95847772561035915
1671109093.0851245 -45.613046076911687 -171.42120329186918 -0.29146455855723474 0.02966841265113758 0.012417277747679274 0.28244713875890509 0.95874355815880541
1671109093.1860223 -45.652259791083637 -171.43372793126403 -0.29843968708645563 0.024400318648722337 0.010129310071042256 0.28322450199155269 0.95868968024015067
1671109093.2854943 -45.691542739643154 -171.47119251487254 -0.29138289690911778 0.026189178186238626 0.0099026317638692529 0.28386471558153858 0.95845547005475995
1671109093.385077 -45.718473370547592 -171.5116605962321 -0.29218605024069555 0.027767444625437128 0.011732466377386746 0.27691738848508185 0.9604207818483933
1671109093.4859204 -45.75284797766507 -171.53980158184916 -0.30791162927895793 0.030780993676029787 0.012897973510229494 0.27210146834219529 0.96168963997417944
1671109093.5854595 -45.785185766409334 -171.5843564706251 -0.3063496349367314 0.028533061841071645 0.0088343281873158232 0.26237626081175464 0.96450324871920179
1671109093.6863332 -45.85118355807662 -171.64402002158016 -0.3049286902407185 0.031194289635814595 0.0069369047239834147 0.24487453157113878 0.96902799723990563
1671109093.785866 -45.883581302680078 -171.67231455317437 -0.29864669689098383 0.030011168932121097 0.0083943761338678737 0.22938999506100211 0.97283559472017889
1671109093.8853917 -45.935527865482868 -171.6999607071653 -0.30572106237672275 0.025648375427221742 0.010731862328802515 0.21315854860140254 0.97662194380786027
1671109093.9849064 -45.98168102620393 -171.73404324763416 -0.3229065705731512 0.030213526882894869 0.014899745792578672 0.19683964612530405 0.97985677222841006
1671109094.08441 -46.069176022201034 -171.78841489559113 -0.34367865783665336 0.031810151843657791 0.0098301982074440741 0.18240250143457676 0.98266006783286708
1671109094.1853478 -46.108749178935589 -171.81955927862376 -0.3321100478893147 0.030102683661578401 0.0083487829657634786 0.17043259400377586 0.98487403111286553
1671109094.2848096 -46.148404587984828 -171.85817023219764 -0.33246887910347439 0.034056752769058139 0.008941755103307341 0.15626965930933487 0.98708661027583799
1671109094.3857336 -46.189693556395916 -171.90586524129213 -0.33733677606098361 0.037858979401487573 0.0096281720402732023 0.141950714138423 0.98910261891142137
1671109094.4852505 -46.239817932000754 -171.94103507582545 -0.34700776372216657 0.036924619481448699 0.011144719854529176 0.12635387056235983 0.99123512200154851
1671109094.5861053 -46.305202715045212 -171.98155464448629 -0.34704466523081073 0.039587285513855361 0.011892228981542723 0.10746056481244202 0.99334971119222959
1671109094.6856763 -46.357057766245305 -172.01069140284955 -0.34268124256953603 0.041172372855493064 0.013813980643046604 0.093857476578564372 0.99463801643741023
1671109094.7851558 -46.427825456368922 -172.03597564165591 -0.34340184305682786 0.039350062460685918 0.01390072189721191 0.079764180320720399 0.99593976627747927
1671109094.8847113 -46.512020769551398 -172.07241710627974 -0.35479409917294985 0.046464792227511521 0.013289816079299207 0.06915147077210905 0.99643488395473534
1671109094.9855394 -46.592404809115827 -172.0884180497408 -0.36648317444100986 0.040109211009569851 0.016235412609256771 0.062339392947629406 0.99711657425624911
1671109095.0850892 -46.658982577468457 -172.10021731265186 -0.37509583703503024 0.038385447680865034 0.017250018295173766 0.062474033400788671 0.99715895895578899
1671109095.1846292 -46.715926084427537 -172.12605617815257 -0.35837384792044769 0.042939204759758452 0.015687788929419026 0.05878366111641594 0.99722344495045634
1671109095.2854972 -46.794019142019749 -172.14719394565225 -0.36267493479177365 0.043770412368094883 0.015950071143173612 0.060317377206119183 0.99709155058030119
1671109095.3850741 -46.869455575816332 -172.14662955214084 -0.37252835435941822 0.040962233880382254 0.017063006036138632 0.062518553005654093 0.99705685883535189
1671109095.485853 -46.949925080387295 -172.16484024893046 -0.36673629697486765 0.044479670157985977 0.018381671589877923 0.0624768161677558 0.99688530961878419
1671109095.585403 -47.015659589967129 -172.1748366334796 -0.36861018431484704 0.043469111703742923 0.021275064504136451 0.060507902379783117 0.99699378218102797
1671109095.6862512 -47.098962754981223 -172.19253274634181 -0.37747236095517889 0.044174780022120871 0.022474944788633721 0.057129254459298423 0.9971357550262
1671109095.7858191 -47.199168908390405 -172.23466344253123 -0.38361164039969453 0.05160877875749325 0.019124465353066944 0.050654353087118319 0.99719853855360474
1671109095.8866658 -47.294048362611235 -172.25571792977749 -0.38012378793656831 0.041715180339123428 0.024331640113202147 0.039818328491055405 0.99803923556884999
1671109095.9862385 -47.35317508209944 -172.26054839740397 -0.39189448262304077 0.043678885538830342 0.02820146779908405 0.031160580436287114 0.99816123467049978
1671109096.0857 -47.424505221083763 -172.2799237687677 -0.38420234915614138 0.045138905434245639 0.027085873228582198 0.017330259103414236 0.99846306732249845
1671109096.1853433 -47.497326945929785 -172.29557459929362 -0.38332797573506838 0.045406698037721058 0.02798105106635056 0.0043255787188578483 0.99856726459627165
1671109096.2861414 -47.576334797463566 -172.29514599858226 -0.38611781813204299 0.042018714409378516 0.030388612935124192 -0.010321787896086891 0.99860123199297646
1671109096.3856592 -47.660594772481922 -172.31409622688443 -0.38289962000250827 0.042404629374624289 0.030669314903735079 -0.025930305600378126 0.99829297292047858
1671109096.4851646 -47.743530569230018 -172.32346613315642 -0.38336909358799465 0.041195976822909812 0.031032373827771464 -0.041412921255452616 0.99781002862333945
1671109096.5860581 -47.843094362388548 -172.33809839714169 -0.39076198917031291 0.045616177863605688 0.031663802494289739 -0.053227753349102784 0.99703729830038235
1671109096.6855915 -47.951467250697313 -172.33987442700266 -0.41812197210788737 0.046533366211405254 0.033881061196925563 -0.061289105038366945 0.99645891291352373
1671109096.7850523 -48.026511837854983 -172.34999589095415 -0.40712657051682483 0.044102852623296204 0.03454404166369026 -0.070815396765528338 0.99591507025296377
1671109096.8859794 -48.093117839741709 -172.36043118832112 -0.37975616788268102 0.047279001954091293 0.032056726278190638 -0.079956245851403818 0.99516031925710347
1671109096.9855165 -48.162577153597773 -172.36388893760741 -0.41159165693819533 0.052756258124760411 0.034733508646542413 -0.090262836846690536 0.99391296444415189
1671109097.086365 -48.240793724212054 -172.36708742420376 -0.41755926913023006 0.048109705831452028 0.037609362161763069 -0.10298748471437293 0.99280641117732682
1671109097.1859245 -48.318262214156988 -172.35840933215619 -0.40860408037304879 0.048523845788257469 0.037957975237439504 -0.11610635188240005 0.99132433822556365
1671109097.2854033 -48.387620814543965 -172.35128144081534 -0.40059313412606723 0.04578247825639363 0.038897305691116137 -0.12743129569636347 0.99002637801819238
1671109097.3850236 -48.477735418106619 -172.33700520803632 -0.39386212415695199 0.04460285247391612 0.036834680428844344 -0.1308676839586706 0.98971078662616818
1671109097.4845192 -48.579928370779754 -172.32648098300396 -0.39747414894402039 0.04865643867885408 0.036307838637799496 -0.12779994476397269 0.98994013250643997
1671109097.58535 -48.671652803197503 -172.31376900743842 -0.40152081172764309 0.043766630126312385 0.04119699240163556 -0.1262953176044227 0.99017007764103038
1671109097.6848769 -48.754671839922665 -172.30335413408875 -0.39204886331260214 0.046220638362607085 0.041054210969910555 -0.12217999080244941 0.9905807661157694
1671109097.7857828 -48.826552297347781 -172.29363684046567 -0.37439990914165988 0.046494065721315973 0.03932034317052107 -0.12269130231107801 0.99057511416493094
1671109097.8852549 -48.917852073794606 -172.27850779553651 -0.3857642480015756 0.045551644201527831 0.039949287585944432 -0.12305766603972888 0.99054828906054215
1671109097.9861898 -49.009333002293111 -172.2380659252882 -0.38658537739813337 0.042344150450796002 0.042024197956476363 -0.12290204626033473 0.99062405923424746
1671109098.0856559 -49.080320894145963 -172.21622576902806 -0.37946460664868364 0.043141865212692317 0.042333872481443172 -0.12352422073463823 0.99049906087718986
1671109098.1852269 -49.162170940056441 -172.19000683799385 -0.38641288824379455 0.039595010071493832 0.04209959453817734 -0.12513252232967612 0.99045530498481982
1671109098.2847576 -49.25331200697422 -172.179913410002 -0.38395071184337148 0.04254621784918447 0.042308780356478663 -0.12232929054569382 0.99067418010467212
1671109098.3842659 -49.357523305544255 -172.15527100201547 -0.3813354029715062 0.042538183058067759 0.036646950335782483 -0.10244840601346972 0.99315246972381044
1671109098.4838226 -49.428467432072758 -172.13829368653296 -0.37839684631526477 0.04223088730515883 0.036385851943325893 -0.077819516063404773 0.99540782840775111
1671109098.5846958 -49.498196119713782 -172.1300553548634 -0.37033798505663884 0.043502643030611465 0.034269843242504962 -0.048313523379250656 0.99729579431188209
1671109098.6841867 -49.56952775375396 -172.10159028619006 -0.37107297298461211 0.037417378886697737 0.029636453632890698 -0.015161787568830533 0.99874508287702346
1671109098.7850561 -49.659043926520646 -172.08477741371243 -0.3780060473963619 0.034940539478335052 0.021798662636627483 0.019334536113536679 0.99896454027232195
1671109098.8859124 -49.696361644507945 -172.06149305478036 -0.3848966326877476 0.039030327036466868 0.021721928684846306 0.055817486551791771 0.99744132638500471
1671109098.9854848 -49.743227043356001 -172.04426506608723 -0.39582549429982905 0.038299125151165306 0.021267532314440424 0.092300392155708691 0.99476706152235062
1671109099.0862684 -49.784960507918896 -172.03031383572818 -0.39374491339623935 0.030686845110141046 0.019780644070709383 0.12978480482128243 0.99086979371400541
1671109099.185874 -49.845459955047069 -172.03942229921819 -0.37396105238497263 0.02668015081372288 0.021151557178561313 0.17312539958547768 0.98431111809216498
1671109099.2853866 -49.862672177247703 -172.04982806411533 -0.36488633432537321 0.02477734550302383 0.01703230480112464 0.21251306133852663 0.97669554237925804
1671109099.3862505 -49.89700028945655 -172.054634665592 -0.35218109851665802 0.023404944100450967 0.013627721063627246 0.25140566091353439 0.96750281005839756
1671109099.4856594 -49.926158932071921 -172.05526107052268 -0.35683847251012929 0.024421103110057248 0.015413498740813918 0.27875502663104279 0.95992794985216545
1671109099.586657 -49.970771176154912 -172.05854427856653 -0.36521748458929371 0.020844448598612394 0.013722550769337052 0.30390273395012546 0.95237614883019939
1671109099.6861525 -50.020572419741747 -172.07129334478526 -0.36351088081151262 0.024907965665452829 0.014977663981215564 0.32650168961768361 0.94474965440844283
1671109099.7870169 -50.042594257156551 -172.07490160780102 -0.3692195506684483 0.024014057138021731 0.01629563759400009 0.33462473420184807 0.94190448800051874
1671109099.8865128 -50.091618571047483 -172.09437378739119 -0.37461233897060159 0.018944368093723133 0.016372370653925022 0.3316226342407152 0.9430797871102683
1671109099.9861202 -50.124849589079616 -172.11640994066894 -0.37386087825596342 0.016018508261855153 0.017304592462853614 0.32951158196798291 0.94385702085735246
1671109100.0855966 -50.162237353724244 -172.16086698737143 -0.36378911533430225 0.021357238808854442 0.016056580359397419 0.32965535867988754 0.94372315806663265
1671109100.185184 -50.19652407985479 -172.19321814826577 -0.36226203462108975 0.020075186744287238 0.016309176901136264 0.33141617489120695 0.94313006348354222
1671109100.284699 -50.21853342561424 -172.21989304296673 -0.36239419838413606 0.019022139414449895 0.016444644131607226 0.3343585154509458 0.94211045798086845
1671109100.3842115 -50.240152380575239 -172.2511391101651 -0.36801208547875291 0.020906593920221261 0.018136725363889255 0.33444121277903732 0.94201011073056773
1671109100.4850597 -50.261711595782636 -172.28325786498561 -0.36545784866362818 0.020516270861078111 0.017767671387170066 0.3355980248990309 0.94161423001529765
1671109100.5846472 -50.294196436101196 -172.31288832336367 -0.36778703221529735 0.019493350845345016 0.017048706697692744 0.33717974343054163 0.94108404061107664
1671109100.6854832 -50.311614464552697 -172.36224717500656 -0.36787546058744203 0.022618545220448556 0.018574106477710298 0.33511931800756634 0.94172100256859981
1671109100.7850327 -50.337046392473582 -172.39026876376346 -0.36544585512578498 0.022654201556356002 0.019720832225554982 0.32999468214969035 0.94350484136601043
1671109100.8858662 -50.36723899606168 -172.42933477026151 -0.36489414411857735 0.020561254858370924 0.020526134614483035 0.31898497928685654 0.94731435943186304
1671109100.9854441 -50.410433219216763 -172.48354277066588 -0.36330915795564661 0.023048907843581736 0.015797282943326333 0.30729170046317572 0.95120502759671977
1671109101.0849195 -50.425882863160965 -172.51650233440103 -0.36786401082426318 0.019227312706442581 0.016273682241872724 0.29273785740021496 0.95586088138238545
1671109101.1858454 -50.448685368964078 -172.54764918516577 -0.36812348407655959 0.02310499924463337 0.018450615382794602 0.27738719229148323 0.96030311847590577
1671109101.2853529 -50.475382581833003 -172.57574054667054 -0.37157102142572412 0.025304542759076301 0.018827070142627921 0.2615550422414511 0.96467309562549286
1671109101.3848686 -50.504586916849014 -172.60175720533132 -0.37667541265860205 0.025732052248700892 0.018436485127758931 0.24440109255084067 0.96915739870423501
1671109101.4857435 -50.548880111008884 -172.61448322460055 -0.3792544936716557 0.024298550988364094 0.016187313047930297 0.23024874952125735 0.97269371575026198
1671109101.5852754 -50.580493351626394 -172.63159599175452 -0.37822003150135292 0.024407421214516899 0.017611259893781556 0.21830714913066041 0.97541586513294642
1671109101.6848154 -50.620149787054956 -172.65467032070757 -0.37863674180880197 0.022146361235990324 0.018816651964461317 0.20725497326331019 0.97785522872789199
1671109101.7856631 -50.660535729266705 -172.6771537953347 -0.37834471304267653 0.020776078172626208 0.019235891049166034 0.19496817326914545 0.98040080909972838
1671109101.8852015 -50.71859905168116 -172.7220319341898 -0.38288189950101087 0.030496800092789839 0.012440140111573983 0.18199678281833476 0.98274735265065993
1671109101.9860902 -50.782900452089308 -172.76032584819197 -0.3951034737534822 0.026646685242548894 0.0067598661286528043 0.16704921765473971 0.98556522729672569
1671109102.0855842 -50.816526635181901 -172.78244170063584 -0.39803829457759865 0.02707919507662589 0.0080049520338704282 0.15321562659530288 0.9877892536892402
1671109102.1851807 -50.851695109654962 -172.80439915866853 -0.39637752417325983 0.029469961159124196 0.0080922637758850443 0.1367070025176719 0.9901400063217799
1671109102.2859619 -50.887531325707585 -172.82657686955929 -0.39860114580653611 0.031996832994131523 0.0082957400825276681 0.12030818789247112 0.99218613339476713
1671109102.3854816 -50.93112675229758 -172.8397093368113 -0.39854586633071315 0.027459337327543049 0.0066941548151739387 0.10115128071269228 0.99446950254647071
1671109102.485069 -50.971555948481708 -172.84924231827705 -0.39855684944018727 0.029756600179342365 0.010144042267850765 0.080284238613188078 0.99627610840696945
1671109102.5859179 -51.005727102883164 -172.86907610701769 -0.39987242891415958 0.029638927228105984 0.012878371554390195 0.061413027830474982 0.99758915468822507
1671109102.6854572 -51.054331598739324 -172.88606167411507 -0.40433656417280439 0.027169065254452479 0.013716039944311037 0.042333032944096328 0.99863988827965378
1671109102.7849562 -51.112853514816614 -172.90919920766353 -0.41467023779526369 0.031369608066817031 0.014422600551874621 0.024810806871312385 0.99909577125791582
1671109102.8844862 -51.177281009832022 -172.92784162284286 -0.416343398089707 0.033728931449614204 0.013040015635762632 0.020913082513561748 0.9991270990996427
1671109102.9840956 -51.224930833946168 -172.94242991026789 -0.42139537416845568 0.035532141962551944 0.011744342907396187 0.020035867724125453 0.99909864442995211
1671109103.0848916 -51.270040264914932 -172.95613860578089 -0.40924212507456553 0.03215062598196667 0.015651325706291734 0.023692281432829553 0.99907960095935844
1671109103.184402 -51.336390454189477 -172.98366374566405 -0.41663562516421088 0.038985491000870641 0.016662101290968036 0.023676670995508145 0.99882026467356033
1671109103.2852974 -51.392764094404875 -173.00164981228559 -0.43768934746682647 0.037971329267417329 0.019100939539417786 0.024070349705926416 0.99880626275940587
1671109103.3861458 -51.457797478903828 -173.02268995215147 -0.42267262021750218 0.039830920426093645 0.019503867815798392 0.021028685860226416 0.99879471929382269
1671109103.4856913 -51.524024156491457 -173.03267362936734 -0.42850415327101954 0.041451266150730338 0.021408878891189788 0.019370292067056153 0.99872330713985069
1671109103.5852661 -51.59668880331963 -173.04059022612572 -0.44335259601920851 0.042998783186938075 0.021746368754773506 0.016806291678511366 0.9986970254538865
1671109103.6846695 -51.678579117015005 -173.06127347910851 -0.45002944411933432 0.04431723563744161 0.019473986300567334 0.027205485697389231 0.99845711376653024
1671109103.7843051 -51.76163236211687 -173.08105566233098 -0.44427571359723811 0.042093896114442426 0.018963073492768896 0.042205898008654964 0.99804166642825953
1671109103.8851542 -51.813388916261495 -173.08654388097824 -0.44614151781797418 0.039684383050703424 0.0196572100151844 0.060640355200328393 0.99717676023736235
1671109103.9846931 -51.875332394114139 -173.09917528549136 -0.4340677577331663 0.041205694472072493 0.020027872738500326 0.072620817509347943 0.99630677600873452
1671109104.0855048 -51.963528936804828 -173.09364972997011 -0.44589548793286099 0.040221583917275622 0.019397369879648428 0.083230962916147136 0.99552929290954995
1671109104.1863661 -52.068886329647896 -173.09591167629659 -0.44634468472450978 0.037651433955591451 0.01618373185708652 0.08873109592481386 0.9952121627875371
1671109104.2859359 -52.117375167487559 -173.10726623052358 -0.45000387339517478 0.039809652629840334 0.018591386238961997 0.098077592292234658 0.99420839757334745
1671109104.3867869 -52.186558171184359 -173.1253545917213 -0.4488148063227535 0.038992691361113746 0.018675585918532776 0.10236366688330237 0.99380705985277684
1671109104.4862807 -52.254789092732963 -173.15763266561032 -0.45290903058797127 0.042272826182248077 0.020637586619157957 0.10945040335311058 0.99287849578432485
1671109104.5858512 -52.337214504504203 -173.1718544683963 -0.45333912026137124 0.041034944381499794 0.016863749253127534 0.11763534301466029 0.99206535741076962
1671109104.6854072 -52.386355307377876 -173.18197180588544 -0.44957863691747196 0.041161999995814554 0.017266733966127348 0.1238829604661517 0.99129236946555255
1671109104.784946 -52.453039656771722 -173.19515363571048 -0.44908435354307302 0.040474120000901746 0.017226966388540075 0.12597320024003281 0.99105793476490833
1671109104.8857784 -52.513682344110308 -173.2064393155396 -0.4538506643578411 0.040937511116468518 0.018115992487988532 0.1254529907377093 0.99108903642141477
1671109104.9852986 -52.586714603076878 -173.20861701485515 -0.45883880981355918 0.034346293800272237 0.019576785406404753 0.1260198542453515 0.99123966724063117
1671109105.0861526 -52.641683626998962 -173.2288392902434 -0.46045515265315778 0.041326299510857159 0.025837783976413901 0.12391841039460812 0.99109473485293043
1671109105.1857033 -52.686617240467669 -173.25172534835636 -0.4555020185515285 0.042769782157283179 0.02971206364447165 0.11938064322287502 0.99148182082774372
1671109105.2852478 -52.749847525474429 -173.27089605951011 -0.45414110948592434 0.041334426615648852 0.032122600812979567 0.11888618106556469 0.99152694347910253
1671109105.3861122 -52.837528093105554 -173.30011514950394 -0.44666454622596519 0.046020781066060043 0.027601174615494471 0.11641107017439252 0.99175033431341342
1671109105.4856229 -52.91778501920551 -173.31393720177411 -0.45386022469252363 0.040068078582399851 0.025897923538292268 0.11979486469957956 0.99165167121662678
1671109105.58515 -52.974801647880675 -173.33962343662381 -0.44660901377052081 0.045575547953765845 0.023981047572939673 0.12536361222732739 0.99077330581487444
1671109105.684545 -53.050280266031621 -173.35648900424243 -0.4460791344970465 0.047373253469994422 0.021508225151656433 0.12472512422610726 0.99082632912800384
1671109105.7856445 -53.139705656063555 -173.36650806321202 -0.44573881040140995 0.041835977471287124 0.018729256988549124 0.12254670841247263 0.99140368678906332
1671109105.8864224 -53.191237644848229 -173.39133840645849 -0.45509896873235717 0.048294840174120883 0.023507680584874735 0.11851046439791027 0.99149900009746217
1671109105.985918 -53.229612228751179 -173.4150199631095 -0.46487923722118146 0.047868573897587009 0.027630215852141208 0.11214925526313914 0.99215307052334345
1671109106.0854678 -53.295445027789476 -173.44412447983623 -0.46747399447560323 0.049319110641433982 0.028000978195058191 0.11038479946111845 0.99226950300489758
1671109106.185003 -53.37070756621808 -173.46674474542439 -0.46906384803503764 0.045174580838495418 0.024212483054479286 0.11315955833431404 0.99225396309008806
1671109106.284595 -53.417589396820965 -173.48673006089626 -0.46145570907890804 0.044480974687320263 0.022801503199795386 0.11948487576362195 0.99157697573433379
1671109106.385426 -53.465657648545502 -173.51413098098934 -0.45585008394867188 0.049456862142955631 0.021025682769648456 0.12320062158650416 0.99092560078531722
1671109106.4849577 -53.505871147540212 -173.54317017430068 -0.46346409032270319 0.053127119615848206 0.021358013642633473 0.12364419125050383 0.99067323491884718
1671109106.5857921 -53.57200370114446 -173.55324804843664 -0.46397334347888836 0.046778170813472846 0.021106770227403655 0.12368863594827771 0.99099315251073627
1671109106.6853509 -53.62470588260144 -173.58266249953806 -0.46809963254705078 0.051690270041836683 0.020951818274967646 0.11967859715294546 0.99124475820933233
1671109106.7862239 -53.67410564337969 -173.6037057316482 -0.47051384641826166 0.050393163690599617 0.022243688817431266 0.11387569330370924 0.99196677052996352
1671109106.8857465 -53.738794323465228 -173.62823326868713 -0.47410004302859321 0.049210424151929541 0.021886991672122335 0.11164070890614623 0.99228808612482333
1671109106.9852676 -53.819773575483261 -173.65218454696239 -0.4764375768214465 0.049496665328490237 0.018412815969125033 0.11083508736537036 0.9924346989793118
1671109107.0848134 -53.87418565838486 -173.66787913338243 -0.47775669815391314 0.043549758087657396 0.020483720435902662 0.11456430026524396 0.99224939247769028
1671109107.1843336 -53.923609994395079 -173.69318604699671 -0.48188795750439173 0.048770133600387108 0.01999373429826512 0.11556065058351291 0.9919009329031433
1671109107.285171 -53.976185799442234 -173.71143115223944 -0.48206583915874374 0.051261873755199035 0.019818124235054312 0.1123202845927401 0.99215100459552819
1671109107.3860807 -54.044894662772116 -173.71333575445414 -0.48532397599965343 0.043757771726297405 0.021005972031794315 0.11078990910907877 0.99265784769584675
1671109107.4855494 -54.104203128661219 -173.73029993371367 -0.4819233871921898 0.045966506923400825 0.022198430532578143 0.10848871410620459 0.99278623521618869
1671109107.5864439 -54.145451442198457 -173.74636280291378 -0.48571985776722443 0.04053043616391841 0.023094720935597449 0.10327064146839311 0.99355880159151932
1671109107.6859465 -54.211698183876273 -173.7631529911846 -0.48661311236023908 0.040394992856136763 0.024281179247988248 0.099965191407736589 0.99387405107150995
1671109107.7855425 -54.294925814491513 -173.78513999103308 -0.49385705783367168 0.045728111537682789 0.023201170197118509 0.097148345565940625 0.99394810954620882
1671109107.8850594 -54.364212711985409 -173.78796806257665 -0.49480683354288352 0.041184552271084314 0.023293287609630287 0.096151044749125406 0.99424153604655696
1671109107.9859047 -54.412502626602354 -173.81200478105842 -0.49364513932317505 0.040003050299390469 0.023944509979342946 0.099621897247495705 0.99393253996305153
1671109108.0854211 -54.471662768425048 -173.82941449210347 -0.48881714885681876 0.043093963057874732 0.021893463100431429 0.095962632012202134 0.99421062148758355
1671109108.1862779 -54.539168210348485 -173.85916818007232 -0.4891462940260769 0.045120988801632615 0.022400260111898308 0.088666710196195209 0.99478668025836881
1671109108.2858469 -54.621095315153894 -173.86180842449664 -0.49048581956774007 0.042291973056666987 0.019342630101912048 0.075743830831517339 0.99604222991130309
1671109108.3866982 -54.672595712107423 -173.88114330053926 -0.49681670816391715 0.04803767040875067 0.021187484570210382 0.062197842140583159 0.99668194583444847
1671109108.486207 -54.721011483129857 -173.89233768715562 -0.50241622043401013 0.045969057524759577 0.024495911841759435 0.046530240254026647 0.99755788443339399
1671109108.5857732 -54.79338066255599 -173.92162018766999 -0.50946766817569733 0.049148199360386252 0.023595253560788218 0.033237831348035152 0.99795940051502763
1671109108.6852717 -54.863099850313368 -173.94405341601075 -0.51462919903993609 0.049483716645606912 0.019651628029658086 0.020129358949236231 0.99837867776260836
1671109108.784852 -54.894794993215797 -173.95979661895484 -0.50886703858524573 0.049824076133306125 0.019394441809135021 0.010795528749341508 0.99851132874063908
1671109108.885664 -54.945827102935688 -173.98523412048584 -0.50970471102893367 0.052395798546674074 0.01845969955239278 -0.0020565360619848407 0.99845364962351535
1671109108.9852011 -54.980220049274713 -174.00694178822189 -0.51300390775501736 0.0538083370773784 0.019395804766268742 -0.01388768872211785 0.99826629599540906
1671109109.08476 -55.014334123575686 -174.02606097218691 -0.51683078965991747 0.050447087236744834 0.02044722320465266 -0.017035295787616422 0.99837207550590867
1671109109.1856329 -55.053598137199877 -174.04678116966039 -0.51718049824833878 0.053724503147381156 0.017968914432815564 -0.024075915562482834 0.99810377524859673
1671109109.2851496 -55.09675532191396 -174.05591792308539 -0.52695090734213601 0.051446952341029237 0.021406487154312103 -0.02694772227180376 0.99808255854257566
1671109109.3846567 -55.146034465514127 -174.06593696198911 -0.52148869120478636 0.05150742602364488 0.021402975235383339 -0.026533676717387815 0.99809060796871019
1671109109.4855163 -55.200322692084313 -174.06470232815744 -0.52238909460604199 0.046685858100469498 0.018082016784387402 -0.022065260536683135 0.99850217606166503
1671109109.5851007 -55.239590839249644 -174.06445666673332 -0.5205301540374756 0.046132618415424445 0.015099853781982926 -0.016697870953669175 0.99868160944292661
1671109109.6859531 -55.279446527408808 -174.07107092546002 -0.51278036627098933 0.050118899053064915 0.01238698611208938 -0.014629315501658743 0.99855928299761976
1671109109.7854991 -55.315432343868167 -174.0739882808715 -0.51804430551379932 0.050948479433166598 0.011016409440041118 -0.0075749077677457555 0.99861179240924636
1671109109.8863349 -55.367537329107897 -174.07272733057252 -0.51065616051331175 0.047135980392528448 0.0094670322718186303 -0.0055715952420050873 0.99882807929035455
1671109109.9858711 -55.400439642201739 -174.07939486144633 -0.52033877940177931 0.051458696394572657 0.011638261051496394 -0.0041572586632181319 0.99859865343664245
1671109110.0853767 -55.434610818654299 -174.07685087952913 -0.52289669313728826 0.048038703958920632 0.014186379684644007 -0.003930305587815929 0.99873699353302048
1671109110.1862876 -55.488045112560506 -174.08332625701522 -0.52295458903312686 0.049690462815684233 0.013544238925648039 -5.2094452880007475e-05 0.99867282369315324
1671109110.285778 -55.542094360896201 -174.07455169126689 -0.52096333156526098 0.045474899872419469 0.011711100504942186 0.0085130555810963796 0.99886055657996109
